year,month,wpp,detection_count,rad_mean,log_rad_mean,is_partial_year
2012,4,Unknown,90,7.7608,2.170291,0
2012,4,WPP571,1820,3.7581,1.559858,0
2012,4,WPP572,5520,4.8845,1.772324,0
2012,4,WPP573,1571,3.4252,1.487317,0
2012,4,WPP711,10606,45.0587,3.829918,0
2012,4,WPP712,23271,43.498,3.795444,0
2012,4,WPP713,6609,13.9212,2.70278,0
2012,4,WPP714,1193,28.4494,3.382673,0
2012,4,WPP715,427,4.5564,1.714956,0
2012,4,WPP716,1053,4.5114,1.706823,0
2012,4,WPP717,107,2.4088,1.226347,0
2012,4,WPP718,1946,19.0878,3.00011,0
2012,5,Unknown,81,3.7024,1.548066,0
2012,5,WPP571,1041,3.4335,1.489195,0
2012,5,WPP572,4724,6.9158,2.06886,0
2012,5,WPP573,1368,2.5495,1.266806,0
2012,5,WPP711,9673,33.3772,3.537393,0
2012,5,WPP712,25846,50.7085,3.945623,0
2012,5,WPP713,8359,14.3564,2.731534,0
2012,5,WPP714,503,63.0971,4.160399,0
2012,5,WPP715,361,3.0462,1.39779,0
2012,5,WPP716,1095,5.2489,1.832403,0
2012,5,WPP717,111,2.0314,1.109021,0
2012,5,WPP718,486,9.9146,2.390101,0
2012,6,Unknown,97,3.7298,1.55388,0
2012,6,WPP571,1995,9.4621,2.347755,0
2012,6,WPP572,9081,5.6981,1.901822,0
2012,6,WPP573,1841,2.6522,1.29532,0
2012,6,WPP711,9500,34.9799,3.582961,0
2012,6,WPP712,23874,47.3621,3.878716,0
2012,6,WPP713,8964,14.1304,2.716706,0
2012,6,WPP714,744,16.5465,2.864852,0
2012,6,WPP715,432,4.2544,1.659061,0
2012,6,WPP716,1285,3.8235,1.573499,0
2012,6,WPP717,239,1.8336,1.041563,0
2012,6,WPP718,1206,4.435,1.692855,0
2012,7,Unknown,52,4.1603,1.640996,0
2012,7,WPP571,1444,4.6679,1.734822,0
2012,7,WPP572,5859,7.0188,2.081795,0
2012,7,WPP573,1765,2.9216,1.366492,0
2012,7,WPP711,7928,32.9781,3.525715,0
2012,7,WPP712,26785,45.5013,3.839479,0
2012,7,WPP713,6576,13.6487,2.684351,0
2012,7,WPP714,625,20.558,3.070745,0
2012,7,WPP715,224,5.4767,1.868208,0
2012,7,WPP716,720,3.6434,1.535451,0
2012,7,WPP717,54,2.4928,1.250713,0
2012,7,WPP718,1373,17.3242,2.908223,0
2012,8,Unknown,64,4.2993,1.667566,0
2012,8,WPP571,1128,4.9144,1.777398,0
2012,8,WPP572,3378,4.6986,1.740213,0
2012,8,WPP573,1333,3.2499,1.446892,0
2012,8,WPP711,8489,40.2067,3.718601,0
2012,8,WPP712,24387,54.7626,4.021103,0
2012,8,WPP713,5473,13.0166,2.640241,0
2012,8,WPP714,575,38.7959,3.683764,0
2012,8,WPP715,207,5.4936,1.870814,0
2012,8,WPP716,1052,4.9746,1.787522,0
2012,8,WPP717,83,2.4846,1.248365,0
2012,8,WPP718,2228,23.3519,3.192612,0
2012,9,Unknown,56,7.0508,2.085774,0
2012,9,WPP571,899,5.5068,1.872847,0
2012,9,WPP572,4208,6.4048,2.002127,0
2012,9,WPP573,1458,2.9836,1.382191,0
2012,9,WPP711,11497,43.8161,3.802569,0
2012,9,WPP712,23776,35.3661,3.593637,0
2012,9,WPP713,8577,17.5938,2.922826,0
2012,9,WPP714,893,48.2769,3.897455,0
2012,9,WPP715,359,4.831,1.763183,0
2012,9,WPP716,679,4.1753,1.643897,0
2012,9,WPP717,114,4.2325,1.654895,0
2012,9,WPP718,2952,31.7213,3.488026,0
2012,10,Unknown,66,5.6876,1.900257,0
2012,10,WPP571,885,4.1024,1.629704,0
2012,10,WPP572,3256,5.0871,1.806164,0
2012,10,WPP573,1343,3.4512,1.493178,0
2012,10,WPP711,14992,44.0654,3.808115,0
2012,10,WPP712,18809,32.0851,3.499082,0
2012,10,WPP713,9297,20.4241,3.064518,0
2012,10,WPP714,1162,42.6275,3.775688,0
2012,10,WPP715,461,5.7983,1.916673,0
2012,10,WPP716,940,4.4074,1.687769,0
2012,10,WPP717,158,2.7185,1.313307,0
2012,10,WPP718,3672,37.982,3.6631,0
2012,11,Unknown,35,5.1312,1.813397,0
2012,11,WPP571,1070,3.8716,1.583432,0
2012,11,WPP572,2245,6.9459,2.072658,0
2012,11,WPP573,1155,2.7981,1.334498,0
2012,11,WPP711,8685,40.2783,3.720338,0
2012,11,WPP712,15314,31.0765,3.468125,0
2012,11,WPP713,9179,23.0028,3.17817,0
2012,11,WPP714,1335,37.9473,3.662211,0
2012,11,WPP715,532,4.5696,1.717322,0
2012,11,WPP716,942,5.6609,1.896262,0
2012,11,WPP717,85,4.5969,1.72221,0
2012,11,WPP718,3132,32.8655,3.522397,0
2012,12,Unknown,44,3.961,1.601612,0
2012,12,WPP571,662,3.3058,1.459966,0
2012,12,WPP572,2660,5.5352,1.877208,0
2012,12,WPP573,821,2.7761,1.328704,0
2012,12,WPP711,5629,31.2456,3.473383,0
2012,12,WPP712,14248,35.152,3.587732,0
2012,12,WPP713,6199,15.1793,2.783731,0
2012,12,WPP714,1111,29.557,3.419595,0
2012,12,WPP715,724,5.8848,1.929312,0
2012,12,WPP716,1026,4.8667,1.769292,0
2012,12,WPP717,147,2.4622,1.241907,0
2012,12,WPP718,2780,37.5846,3.652854,0
2013,1,Unknown,29,7.4255,2.131259,0
2013,1,WPP571,1066,4.6743,1.735941,0
2013,1,WPP572,4468,4.7057,1.741469,0
2013,1,WPP573,371,3.4885,1.501518,0
2013,1,WPP711,2265,32.2216,3.5032,0
2013,1,WPP712,4712,29.1374,3.405768,0
2013,1,WPP713,3969,12.7384,2.620195,0
2013,1,WPP714,661,31.0475,3.467218,0
2013,1,WPP715,467,5.1386,1.814597,0
2013,1,WPP716,488,4.6821,1.737317,0
2013,1,WPP717,84,3.3901,1.479345,0
2013,1,WPP718,1248,18.1211,2.950793,0
2013,2,Unknown,37,3.0143,1.389857,0
2013,2,WPP571,988,4.6446,1.730701,0
2013,2,WPP572,2159,5.0765,1.804421,0
2013,2,WPP573,814,3.3021,1.4591,0
2013,2,WPP711,2624,45.8311,3.846549,0
2013,2,WPP712,14520,28.3789,3.380277,0
2013,2,WPP713,5371,14.1384,2.717232,0
2013,2,WPP714,856,20.849,3.084155,0
2013,2,WPP715,406,4.4116,1.68854,0
2013,2,WPP716,759,4.8373,1.764273,0
2013,2,WPP717,70,2.6507,1.294929,0
2013,2,WPP718,2351,26.0626,3.298153,0
2013,3,Unknown,45,6.6551,2.035378,0
2013,3,WPP571,2914,5.5501,1.879473,0
2013,3,WPP572,6485,5.2858,1.8383,0
2013,3,WPP573,1441,4.4248,1.690977,0
2013,3,WPP711,12197,47.5728,3.883063,0
2013,3,WPP712,20269,34.7155,3.575584,0
2013,3,WPP713,6529,14.4953,2.740537,0
2013,3,WPP714,809,30.0152,3.434478,0
2013,3,WPP715,472,4.1183,1.632818,0
2013,3,WPP716,1121,4.8386,1.764497,0
2013,3,WPP717,75,3.7818,1.564816,0
2013,3,WPP718,2126,25.3482,3.271401,0
2013,4,Unknown,35,4.577,1.718651,0
2013,4,WPP571,995,4.4227,1.690597,0
2013,4,WPP572,3646,5.4768,1.868231,0
2013,4,WPP573,1000,3.4391,1.49046,0
2013,4,WPP711,7654,43.7605,3.801326,0
2013,4,WPP712,19093,38.8027,3.683934,0
2013,4,WPP713,6267,15.1104,2.779464,0
2013,4,WPP714,916,24.7564,3.248682,0
2013,4,WPP715,328,3.9516,1.599718,0
2013,4,WPP716,875,5.6255,1.890931,0
2013,4,WPP717,61,2.8246,1.341449,0
2013,4,WPP718,1853,27.3166,3.34345,0
2013,5,Unknown,46,3.7039,1.548398,0
2013,5,WPP571,1596,5.5679,1.882191,0
2013,5,WPP572,5541,5.1458,1.815776,0
2013,5,WPP573,1333,2.7774,1.329034,0
2013,5,WPP711,10438,42.5259,3.773357,0
2013,5,WPP712,24441,42.1792,3.765358,0
2013,5,WPP713,6853,14.9757,2.771072,0
2013,5,WPP714,854,29.6391,3.422278,0
2013,5,WPP715,606,5.8168,1.919384,0
2013,5,WPP716,1035,5.9246,1.935076,0
2013,5,WPP717,454,5.0819,1.805321,0
2013,5,WPP718,1749,8.3776,2.238328,0
2013,6,Unknown,34,5.4577,1.86528,0
2013,6,WPP571,1091,4.1868,1.646114,0
2013,6,WPP572,4296,6.0821,1.957575,0
2013,6,WPP573,1098,3.6068,1.52754,0
2013,6,WPP711,11329,44.9766,3.828134,0
2013,6,WPP712,24066,43.2857,3.790661,0
2013,6,WPP713,7102,16.6773,2.872282,0
2013,6,WPP714,688,23.3921,3.194257,0
2013,6,WPP715,456,4.8492,1.766311,0
2013,6,WPP716,935,5.0509,1.800207,0
2013,6,WPP717,96,2.1821,1.157538,0
2013,6,WPP718,980,7.928,2.189189,0
2013,7,Unknown,33,2.8575,1.350014,0
2013,7,WPP571,1111,3.96,1.601402,0
2013,7,WPP572,4263,6.0648,1.95512,0
2013,7,WPP573,1429,2.5636,1.270764,0
2013,7,WPP711,10206,38.5209,3.676829,0
2013,7,WPP712,20984,36.8666,3.634069,0
2013,7,WPP713,5269,17.3491,2.909582,0
2013,7,WPP714,428,22.7698,3.168414,0
2013,7,WPP715,374,4.879,1.771394,0
2013,7,WPP716,1062,3.3846,1.478097,0
2013,7,WPP717,131,4.3797,1.682634,0
2013,7,WPP718,1649,15.0406,2.775121,0
2013,8,Unknown,43,4.15,1.638998,0
2013,8,WPP571,530,6.5969,2.027742,0
2013,8,WPP572,4059,5.852,1.924534,0
2013,8,WPP573,1308,3.1521,1.423623,0
2013,8,WPP711,9569,35.2473,3.590365,0
2013,8,WPP712,20405,50.6988,3.945435,0
2013,8,WPP713,5698,10.8064,2.46864,0
2013,8,WPP714,639,37.1605,3.641801,0
2013,8,WPP715,347,3.9267,1.594664,0
2013,8,WPP716,942,4.3714,1.681082,0
2013,8,WPP717,128,2.5908,1.278365,0
2013,8,WPP718,3029,22.0653,3.138331,0
2013,9,Unknown,81,15.2162,2.78601,0
2013,9,WPP571,570,5.2263,1.828783,0
2013,9,WPP572,4167,5.5105,1.873421,0
2013,9,WPP573,1546,3.1468,1.422337,0
2013,9,WPP711,10718,46.8631,3.868346,0
2013,9,WPP712,33699,44.2005,3.811109,0
2013,9,WPP713,9254,21.3289,3.10588,0
2013,9,WPP714,1114,40.2189,3.718897,0
2013,9,WPP715,455,5.3345,1.846006,0
2013,9,WPP716,1062,4.4026,1.686889,0
2013,9,WPP717,162,2.1772,1.156011,0
2013,9,WPP718,3232,37.7338,3.656712,0
2013,10,Unknown,56,7.5704,2.14832,0
2013,10,WPP571,721,4.4827,1.701602,0
2013,10,WPP572,3850,5.2775,1.836978,0
2013,10,WPP573,1559,3.2664,1.450771,0
2013,10,WPP711,14314,41.2723,3.744131,0
2013,10,WPP712,25348,39.3278,3.697041,0
2013,10,WPP713,7617,19.1974,3.005552,0
2013,10,WPP714,1108,43.1281,3.787097,0
2013,10,WPP715,349,5.4751,1.867959,0
2013,10,WPP716,760,4.1113,1.631449,0
2013,10,WPP717,70,3.3085,1.460598,0
2013,10,WPP718,2663,37.2755,3.644809,0
2013,11,Unknown,35,3.6612,1.539273,0
2013,11,WPP571,825,4.8986,1.774721,0
2013,11,WPP572,2257,5.9469,1.938292,0
2013,11,WPP573,1106,2.626,1.288119,0
2013,11,WPP711,10859,37.001,3.637613,0
2013,11,WPP712,19464,27.2233,3.340146,0
2013,11,WPP713,7569,17.5086,2.918235,0
2013,11,WPP714,1376,26.7504,3.323251,0
2013,11,WPP715,576,4.7476,1.748776,0
2013,11,WPP716,1339,4.7837,1.755039,0
2013,11,WPP717,128,2.9833,1.382121,0
2013,11,WPP718,2745,27.7013,3.356941,0
2013,12,Unknown,20,4.0671,1.622768,0
2013,12,WPP571,460,4.8956,1.774209,0
2013,12,WPP572,1794,5.244,1.831621,0
2013,12,WPP573,842,3.2616,1.449637,0
2013,12,WPP711,4871,31.2369,3.473111,0
2013,12,WPP712,13307,25.8257,3.289362,0
2013,12,WPP713,4728,14.5596,2.744677,0
2013,12,WPP714,1369,29.9635,3.43281,0
2013,12,WPP715,493,3.3346,1.46662,0
2013,12,WPP716,1247,6.6541,2.035245,0
2013,12,WPP717,109,2.1722,1.154423,0
2013,12,WPP718,2684,29.8233,3.428271,0
2014,1,Unknown,7,3.7114,1.549987,0
2014,1,WPP571,427,2.6505,1.294877,0
2014,1,WPP572,843,4.1253,1.634181,0
2014,1,WPP573,261,2.7078,1.310439,0
2014,1,WPP711,598,14.7693,2.758062,0
2014,1,WPP712,3063,32.9227,3.524085,0
2014,1,WPP713,1037,9.1092,2.313447,0
2014,1,WPP714,272,20.485,3.067355,0
2014,1,WPP715,99,4.7203,1.744016,0
2014,1,WPP716,195,3.1097,1.413354,0
2014,1,WPP717,21,2.6071,1.282899,0
2014,1,WPP718,966,22.5236,3.158003,0
2014,2,Unknown,15,4.2186,1.652239,0
2014,2,WPP571,1568,6.7432,2.046815,0
2014,2,WPP572,2662,5.0939,1.807281,0
2014,2,WPP573,596,3.1947,1.433816,0
2014,2,WPP711,3680,38.1785,3.668129,0
2014,2,WPP712,9986,27.9615,3.365966,0
2014,2,WPP713,4203,17.5509,2.920521,0
2014,2,WPP714,533,25.8466,3.29014,0
2014,2,WPP715,287,5.3241,1.844369,0
2014,2,WPP716,879,5.7506,1.909632,0
2014,2,WPP717,70,2.2463,1.177513,0
2014,2,WPP718,1734,20.9594,3.089194,0
2014,3,Unknown,38,3.9215,1.593612,0
2014,3,WPP571,2232,5.1984,1.824294,0
2014,3,WPP572,5217,5.4772,1.868281,0
2014,3,WPP573,1539,3.495,1.50296,0
2014,3,WPP711,13589,46.2817,3.856123,0
2014,3,WPP712,30696,36.1494,3.614947,0
2014,3,WPP713,8075,18.2704,2.958572,0
2014,3,WPP714,1225,21.4266,3.110247,0
2014,3,WPP715,389,6.9192,2.06929,0
2014,3,WPP716,1335,5.6911,1.900783,0
2014,3,WPP717,126,1.9066,1.066989,0
2014,3,WPP718,3038,40.8418,3.733896,0
2014,4,Unknown,27,4.5607,1.71572,0
2014,4,WPP571,1567,5.2854,1.838232,0
2014,4,WPP572,4464,6.3491,1.994577,0
2014,4,WPP573,1706,7.8222,2.177275,0
2014,4,WPP711,15359,57.3012,4.065622,0
2014,4,WPP712,30724,43.0814,3.786038,0
2014,4,WPP713,7463,18.0858,2.948943,0
2014,4,WPP714,1007,31.5062,3.481432,0
2014,4,WPP715,376,7.0207,2.082031,0
2014,4,WPP716,1357,16.4063,2.856835,0
2014,4,WPP717,142,1.8778,1.057023,0
2014,4,WPP718,2681,21.9938,3.135226,0
2014,5,Unknown,62,3.5615,1.517648,0
2014,5,WPP571,1529,4.5641,1.716341,0
2014,5,WPP572,7343,6.6406,2.033471,0
2014,5,WPP573,2446,9.6922,2.36951,0
2014,5,WPP711,17064,55.5161,4.034525,0
2014,5,WPP712,30310,42.1697,3.765138,0
2014,5,WPP713,9129,17.8959,2.938945,0
2014,5,WPP714,1154,27.2875,3.342422,0
2014,5,WPP715,573,4.2319,1.654781,0
2014,5,WPP716,1742,5.7452,1.90883,0
2014,5,WPP717,215,2.193,1.160964,0
2014,5,WPP718,2435,8.4814,2.249335,0
2014,6,Unknown,64,5.1594,1.81798,0
2014,6,WPP571,1963,6.6466,2.034257,0
2014,6,WPP572,6927,6.9072,2.067778,0
2014,6,WPP573,1764,2.4536,1.23942,0
2014,6,WPP711,14018,34.2111,3.561362,0
2014,6,WPP712,31810,39.1332,3.692203,0
2014,6,WPP713,8592,25.1876,3.265286,0
2014,6,WPP714,516,27.2099,3.339672,0
2014,6,WPP715,411,5.4913,1.870467,0
2014,6,WPP716,1489,5.125,1.812376,0
2014,6,WPP717,158,2.5483,1.266461,0
2014,6,WPP718,1891,9.7569,2.375547,0
2014,7,Unknown,47,3.2563,1.448392,0
2014,7,WPP571,1220,5.464,1.866249,0
2014,7,WPP572,6491,5.4164,1.858858,0
2014,7,WPP573,1213,2.8399,1.345442,0
2014,7,WPP711,12805,33.8498,3.551048,0
2014,7,WPP712,30808,51.2436,3.955917,0
2014,7,WPP713,6657,12.4311,2.597571,0
2014,7,WPP714,701,28.974,3.40033,0
2014,7,WPP715,277,3.9491,1.599211,0
2014,7,WPP716,1068,13.5894,2.680298,0
2014,7,WPP717,112,2.7769,1.32891,0
2014,7,WPP718,3016,25.3079,3.269869,0
2014,8,Unknown,54,4.2047,1.649554,0
2014,8,WPP571,836,6.6311,2.032231,0
2014,8,WPP572,5524,5.6491,1.894483,0
2014,8,WPP573,1355,3.2746,1.452684,0
2014,8,WPP711,12187,27.4757,3.349049,0
2014,8,WPP712,33120,49.0346,3.912714,0
2014,8,WPP713,7938,11.8749,2.555282,0
2014,8,WPP714,1093,43.8754,3.803889,0
2014,8,WPP715,244,3.033,1.394518,0
2014,8,WPP716,1412,7.7038,2.163758,0
2014,8,WPP717,166,2.3297,1.202875,0
2014,8,WPP718,2838,33.3403,3.536318,0
2014,9,Unknown,60,4.3364,1.674544,0
2014,9,WPP571,1225,6.82,2.056679,0
2014,9,WPP572,5495,5.3737,1.852187,0
2014,9,WPP573,1354,2.7396,1.318974,0
2014,9,WPP711,14718,28.1753,3.373321,0
2014,9,WPP712,35190,38.17,3.667911,0
2014,9,WPP713,10390,17.6353,2.925055,0
2014,9,WPP714,1710,36.5502,3.625677,0
2014,9,WPP715,331,2.9855,1.38266,0
2014,9,WPP716,1334,4.5833,1.719777,0
2014,9,WPP717,113,3.3613,1.472774,0
2014,9,WPP718,4787,40.1434,3.717064,0
2014,10,Unknown,46,6.4111,2.002975,0
2014,10,WPP571,1197,5.4504,1.864141,0
2014,10,WPP572,3418,4.4174,1.689612,0
2014,10,WPP573,1575,3.247,1.446209,0
2014,10,WPP711,13143,28.8033,3.39462,0
2014,10,WPP712,32662,32.9908,3.52609,0
2014,10,WPP713,9669,17.0466,2.892957,0
2014,10,WPP714,1530,34.0027,3.555426,0
2014,10,WPP715,377,8.6321,2.265101,0
2014,10,WPP716,1545,3.9145,1.592184,0
2014,10,WPP717,226,6.8582,2.061556,0
2014,10,WPP718,5126,43.6126,3.798016,0
2014,11,Unknown,33,3.5502,1.515171,0
2014,11,WPP571,1213,5.7093,1.903499,0
2014,11,WPP572,2155,4.3399,1.675212,0
2014,11,WPP573,1094,2.9991,1.386071,0
2014,11,WPP711,9814,38.0099,3.663815,0
2014,11,WPP712,30777,34.5197,3.570089,0
2014,11,WPP713,9435,21.2721,3.103333,0
2014,11,WPP714,1782,20.6808,3.076426,0
2014,11,WPP715,460,5.4182,1.859142,0
2014,11,WPP716,1544,4.5743,1.71817,0
2014,11,WPP717,221,12.5784,2.608481,0
2014,11,WPP718,4974,35.4986,3.597275,0
2014,12,Unknown,16,3.2986,1.458294,0
2014,12,WPP571,641,10.8397,2.471454,0
2014,12,WPP572,1553,5.5449,1.87868,0
2014,12,WPP573,780,3.276,1.453009,0
2014,12,WPP711,3836,41.3332,3.745571,0
2014,12,WPP712,14062,25.8967,3.292004,0
2014,12,WPP713,5541,17.5793,2.922048,0
2014,12,WPP714,1072,26.7852,3.324502,0
2014,12,WPP715,338,4.3088,1.669369,0
2014,12,WPP716,1144,4.4287,1.691705,0
2014,12,WPP717,131,2.105,1.133011,0
2014,12,WPP718,2720,49.4611,3.921202,0
2015,1,Unknown,20,3.6125,1.528774,0
2015,1,WPP571,2205,11.1131,2.494286,0
2015,1,WPP572,3817,4.6764,1.736321,0
2015,1,WPP573,801,2.8149,1.338923,0
2015,1,WPP711,2849,29.2042,3.407981,0
2015,1,WPP712,10376,31.6753,3.48662,0
2015,1,WPP713,4551,18.3962,2.96508,0
2015,1,WPP714,751,40.5328,3.726484,0
2015,1,WPP715,258,3.6081,1.527814,0
2015,1,WPP716,728,4.2944,1.66665,0
2015,1,WPP717,88,2.7553,1.323181,0
2015,1,WPP718,944,40.1617,3.717508,0
2015,2,Unknown,41,4.4262,1.691237,0
2015,2,WPP571,2191,8.435,2.244427,0
2015,2,WPP572,5394,5.5207,1.874988,0
2015,2,WPP573,839,3.5339,1.511585,0
2015,2,WPP711,3741,28.7513,3.392872,0
2015,2,WPP712,14006,32.8789,3.522793,0
2015,2,WPP713,5800,23.0675,3.180864,0
2015,2,WPP714,632,33.4281,3.538873,0
2015,2,WPP715,185,4.9035,1.775549,0
2015,2,WPP716,914,4.8359,1.764021,0
2015,2,WPP717,79,2.9984,1.385906,0
2015,2,WPP718,723,42.8061,3.779773,0
2015,3,Unknown,72,55.086,4.026886,0
2015,3,WPP571,2507,7.7836,2.17289,0
2015,3,WPP572,5632,8.798,2.282182,0
2015,3,WPP573,1918,3.8288,1.574603,0
2015,3,WPP711,10533,41.0997,3.74004,0
2015,3,WPP712,28388,32.2586,3.504314,0
2015,3,WPP713,7071,22.327,3.14961,0
2015,3,WPP714,1006,42.8018,3.779675,0
2015,3,WPP715,303,7.7518,2.169261,0
2015,3,WPP716,975,6.2301,1.978256,0
2015,3,WPP717,109,2.4583,1.240785,0
2015,3,WPP718,1377,34.8763,3.580078,0
2015,4,Unknown,66,9.324,2.334467,0
2015,4,WPP571,1585,8.7117,2.273326,0
2015,4,WPP572,2733,5.9982,1.945658,0
2015,4,WPP573,1154,5.4012,1.85648,0
2015,4,WPP711,13691,50.9612,3.950496,0
2015,4,WPP712,23871,33.3733,3.537281,0
2015,4,WPP713,7637,26.0464,3.297552,0
2015,4,WPP714,1040,32.224,3.503273,0
2015,4,WPP715,416,8.9434,2.29691,0
2015,4,WPP716,1566,5.5851,1.884808,0
2015,4,WPP717,94,3.2263,1.441336,0
2015,4,WPP718,1494,35.0621,3.585242,0
2015,5,Unknown,67,5.0302,1.796781,0
2015,5,WPP571,1736,6.882,2.064582,0
2015,5,WPP572,6049,6.1012,1.960262,0
2015,5,WPP573,1935,2.5802,1.27543,0
2015,5,WPP711,13722,48.7773,3.907559,0
2015,5,WPP712,33357,40.306,3.721007,0
2015,5,WPP713,12427,31.7803,3.489827,0
2015,5,WPP714,967,54.5819,4.017858,0
2015,5,WPP715,441,3.842,1.57732,0
2015,5,WPP716,1685,5.3489,1.848287,0
2015,5,WPP717,121,1.8812,1.058191,0
2015,5,WPP718,1747,40.076,3.715423,0
2015,6,Unknown,56,9.7926,2.378859,0
2015,6,WPP571,1999,12.3622,2.592432,0
2015,6,WPP572,6764,6.4677,2.010588,0
2015,6,WPP573,2016,2.438,1.234903,0
2015,6,WPP711,10608,39.0849,3.691,0
2015,6,WPP712,37938,42.5028,3.772826,0
2015,6,WPP713,7919,26.7861,3.324534,0
2015,6,WPP714,610,25.5959,3.280757,0
2015,6,WPP715,219,4.44,1.693774,0
2015,6,WPP716,1111,5.5402,1.877963,0
2015,6,WPP717,113,2.1948,1.161529,0
2015,6,WPP718,1974,43.7941,3.802076,0
2015,7,Unknown,112,7.3878,2.126774,0
2015,7,WPP571,1280,12.4788,2.601119,0
2015,7,WPP572,4043,6.3135,1.989728,0
2015,7,WPP573,1247,3.446,1.492005,0
2015,7,WPP711,11247,30.5311,3.450976,0
2015,7,WPP712,30474,50.496,3.941505,0
2015,7,WPP713,6739,15.9872,2.832459,0
2015,7,WPP714,875,37.9781,3.663,0
2015,7,WPP715,414,7.3688,2.124511,0
2015,7,WPP716,1369,4.3364,1.674553,0
2015,7,WPP717,133,3.7875,1.566001,0
2015,7,WPP718,2453,50.1708,3.935169,0
2015,8,Unknown,73,6.3012,1.988037,0
2015,8,WPP571,1717,9.0418,2.306756,0
2015,8,WPP572,5156,5.2623,1.834547,0
2015,8,WPP573,1707,2.9873,1.383113,0
2015,8,WPP711,11452,31.1073,3.469085,0
2015,8,WPP712,41484,44.4296,3.816163,0
2015,8,WPP713,10748,27.555,3.351831,0
2015,8,WPP714,1363,32.3378,3.506693,0
2015,8,WPP715,359,11.8044,2.549791,0
2015,8,WPP716,1637,4.8267,1.762449,0
2015,8,WPP717,162,3.1311,1.418539,0
2015,8,WPP718,4420,62.5841,4.152363,0
2015,9,Unknown,41,2.9412,1.371479,0
2015,9,WPP571,1255,9.2941,2.331569,0
2015,9,WPP572,3543,5.0155,1.79434,0
2015,9,WPP573,2109,2.9433,1.372029,0
2015,9,WPP711,9510,21.6393,3.119687,0
2015,9,WPP712,43646,34.9494,3.582113,0
2015,9,WPP713,7816,21.7711,3.125492,0
2015,9,WPP714,1516,42.6206,3.77553,0
2015,9,WPP715,354,20.6875,3.076735,0
2015,9,WPP716,889,7.6154,2.153554,0
2015,9,WPP717,124,2.4351,1.234037,0
2015,9,WPP718,4386,58.1956,4.080847,0
2015,10,Unknown,54,6.9492,2.073071,0
2015,10,WPP571,1065,6.1599,1.968491,0
2015,10,WPP572,2976,4.9772,1.787952,0
2015,10,WPP573,1787,3.1894,1.432546,0
2015,10,WPP711,13252,19.5965,3.025119,0
2015,10,WPP712,35929,28.4009,3.381024,0
2015,10,WPP713,8137,16.6927,2.873154,0
2015,10,WPP714,1623,39.5727,3.703095,0
2015,10,WPP715,391,28.1304,3.371782,0
2015,10,WPP716,899,3.6379,1.534256,0
2015,10,WPP717,139,2.2584,1.181232,0
2015,10,WPP718,4567,46.1362,3.853042,0
2015,11,Unknown,55,9.1795,2.320378,0
2015,11,WPP571,2012,11.1627,2.498374,0
2015,11,WPP572,3241,5.3982,1.856013,0
2015,11,WPP573,1547,2.9877,1.383211,0
2015,11,WPP711,12814,36.7054,3.629802,0
2015,11,WPP712,32668,26.7103,3.321806,0
2015,11,WPP713,10941,25.5396,3.278639,0
2015,11,WPP714,1938,33.3656,3.537057,0
2015,11,WPP715,473,49.7912,3.927723,0
2015,11,WPP716,1426,5.2523,1.832952,0
2015,11,WPP717,189,2.6489,1.294423,0
2015,11,WPP718,3047,71.2022,4.27947,0
2015,12,Unknown,43,3.9145,1.592196,0
2015,12,WPP571,1966,14.1045,2.714996,0
2015,12,WPP572,3240,5.3252,1.844546,0
2015,12,WPP573,925,3.0636,1.402059,0
2015,12,WPP711,8077,37.571,3.652501,0
2015,12,WPP712,21091,32.6273,3.515339,0
2015,12,WPP713,7613,25.2565,3.267913,0
2015,12,WPP714,1277,22.1175,3.14059,0
2015,12,WPP715,507,62.2877,4.14769,0
2015,12,WPP716,1337,5.2113,1.826367,0
2015,12,WPP717,134,2.3405,1.206113,0
2015,12,WPP718,2657,52.2034,3.974122,0
2016,1,Unknown,57,6.1351,1.965026,0
2016,1,WPP571,3139,11.869,2.55482,0
2016,1,WPP572,4796,5.3546,1.849172,0
2016,1,WPP573,1413,2.4829,1.247872,0
2016,1,WPP711,4662,28.5899,3.387435,0
2016,1,WPP712,23948,30.4283,3.447708,0
2016,1,WPP713,9371,20.3346,3.06033,0
2016,1,WPP714,1903,24.7228,3.247379,0
2016,1,WPP715,671,48.998,3.911983,0
2016,1,WPP716,1225,5.2217,1.828044,0
2016,1,WPP717,149,2.4516,1.238827,0
2016,1,WPP718,3713,52.972,3.988465,0
2016,2,Unknown,54,8.2851,2.228412,0
2016,2,WPP571,1790,14.292,2.727329,0
2016,2,WPP572,3149,5.2703,1.835823,0
2016,2,WPP573,866,4.6849,1.73782,0
2016,2,WPP711,1975,31.4286,3.47904,0
2016,2,WPP712,13553,31.33,3.475996,0
2016,2,WPP713,5121,22.7251,3.166533,0
2016,2,WPP714,652,22.9332,3.175268,0
2016,2,WPP715,361,77.0217,4.356987,0
2016,2,WPP716,929,7.0273,2.082846,0
2016,2,WPP717,68,3.7074,1.54914,0
2016,2,WPP718,3004,37.5968,3.653169,0
2016,3,Unknown,60,12.2604,2.584779,0
2016,3,WPP571,3443,13.8339,2.696912,0
2016,3,WPP572,3659,4.5161,1.707676,0
2016,3,WPP573,1747,4.6067,1.723967,0
2016,3,WPP711,6821,37.9728,3.662863,0
2016,3,WPP712,27969,36.1174,3.614085,0
2016,3,WPP713,7829,29.01,3.401531,0
2016,3,WPP714,898,26.1601,3.301749,0
2016,3,WPP715,341,48.572,3.903425,0
2016,3,WPP716,1363,5.1302,1.813224,0
2016,3,WPP717,60,1.9503,1.081895,0
2016,3,WPP718,2292,49.0998,3.914016,0
2016,4,Unknown,56,19.0416,2.997812,0
2016,4,WPP571,2791,12.2256,2.582153,0
2016,4,WPP572,3124,5.3692,1.851475,0
2016,4,WPP573,1445,3.3916,1.479701,0
2016,4,WPP711,10822,42.5855,3.774725,0
2016,4,WPP712,28327,35.0108,3.583819,0
2016,4,WPP713,6827,22.6307,3.162548,0
2016,4,WPP714,792,5.5318,1.876678,0
2016,4,WPP715,347,33.3826,3.53755,0
2016,4,WPP716,1416,6.0752,1.956599,0
2016,4,WPP717,99,3.5302,1.510768,0
2016,4,WPP718,2351,43.2826,3.790591,0
2016,5,Unknown,68,10.8332,2.470908,0
2016,5,WPP571,2645,8.5248,2.253898,0
2016,5,WPP572,4156,5.8592,1.925584,0
2016,5,WPP573,1392,3.3583,1.472073,0
2016,5,WPP711,10503,35.0017,3.583566,0
2016,5,WPP712,33083,34.327,3.564648,0
2016,5,WPP713,10272,26.0497,3.297678,0
2016,5,WPP714,1397,6.3428,1.993722,0
2016,5,WPP715,555,47.2132,3.875633,0
2016,5,WPP716,1648,5.5797,1.883993,0
2016,5,WPP717,96,2.6305,1.289357,0
2016,5,WPP718,3006,47.7785,3.887289,0
2016,6,Unknown,47,4.1817,1.645139,0
2016,6,WPP571,2487,12.6823,2.616105,0
2016,6,WPP572,4902,6.3202,1.990632,0
2016,6,WPP573,1635,3.256,1.448338,0
2016,6,WPP711,9230,32.7411,3.518717,0
2016,6,WPP712,31176,41.9491,3.760015,0
2016,6,WPP713,7742,26.1023,3.299619,0
2016,6,WPP714,1080,6.512,2.016504,0
2016,6,WPP715,603,13.656,2.684847,0
2016,6,WPP716,1096,5.5774,1.883646,0
2016,6,WPP717,136,1.6373,0.969752,0
2016,6,WPP718,2121,35.5268,3.598045,0
2016,7,Unknown,177,3.7857,1.565637,0
2016,7,WPP571,2144,9.822,2.38158,0
2016,7,WPP572,4376,4.8228,1.761782,0
2016,7,WPP573,2088,6.623,2.031174,0
2016,7,WPP711,9615,33.2309,3.533129,0
2016,7,WPP712,29005,46.9012,3.86914,0
2016,7,WPP713,6294,15.6397,2.811794,0
2016,7,WPP714,753,5.58,1.884041,0
2016,7,WPP715,260,40.697,3.73043,0
2016,7,WPP716,1062,5.5269,1.875934,0
2016,7,WPP717,85,2.5444,1.265383,0
2016,7,WPP718,2305,42.1486,3.764651,0
2016,8,ARMM,2,1.3215,0.842219,0
2016,8,Unknown,158,4.5426,1.712462,0
2016,8,WPP571,1828,10.7539,2.464183,0
2016,8,WPP572,5649,5.7413,1.908254,0
2016,8,WPP573,2557,5.1099,1.809914,0
2016,8,WPP711,8325,29.2837,3.41061,0
2016,8,WPP712,52446,39.9138,3.711468,0
2016,8,WPP713,10832,28.3334,3.378728,0
2016,8,WPP714,1520,8.6757,2.269622,0
2016,8,WPP715,432,28.802,3.394576,0
2016,8,WPP716,1440,5.3178,1.843363,0
2016,8,WPP717,125,2.6187,1.286124,0
2016,8,WPP718,3015,64.5482,4.182786,0
2016,9,Unknown,175,8.6501,2.266968,0
2016,9,WPP571,1616,12.032,2.567411,0
2016,9,WPP572,3147,4.7461,1.748516,0
2016,9,WPP573,1977,6.7245,2.044392,0
2016,9,WPP711,7433,24.8101,3.250766,0
2016,9,WPP712,40923,38.2237,3.669281,0
2016,9,WPP713,9688,28.8544,3.396333,0
2016,9,WPP714,1509,5.9223,1.934751,0
2016,9,WPP715,368,34.3957,3.566592,0
2016,9,WPP716,1279,4.2823,1.664363,0
2016,9,WPP717,187,2.9856,1.382695,0
2016,9,WPP718,3372,60.5433,4.119741,0
2016,10,Unknown,54,3.6346,1.53354,0
2016,10,WPP571,1246,8.438,2.244748,0
2016,10,WPP572,2437,4.4094,1.688132,0
2016,10,WPP573,1296,2.7846,1.330944,0
2016,10,WPP711,7003,21.8236,3.127796,0
2016,10,WPP712,27501,28.7057,3.39134,0
2016,10,WPP713,8225,22.9741,3.176975,0
2016,10,WPP714,1347,7.3966,2.127826,0
2016,10,WPP715,293,32.1022,3.499601,0
2016,10,WPP716,832,4.9757,1.787703,0
2016,10,WPP717,125,5.6321,1.891916,0
2016,10,WPP718,3404,62.348,4.148644,0
2016,11,Unknown,89,4.4825,1.701567,0
2016,11,WPP571,1635,9.0689,2.30945,0
2016,11,WPP572,1397,3.6194,1.530259,0
2016,11,WPP573,1650,36.3175,3.619462,0
2016,11,WPP711,7679,26.4905,3.313841,0
2016,11,WPP712,29801,23.1744,3.185294,0
2016,11,WPP713,10351,23.6741,3.205753,0
2016,11,WPP714,1614,6.2584,1.982165,0
2016,11,WPP715,479,37.1111,3.640506,0
2016,11,WPP716,1481,4.2622,1.660551,0
2016,11,WPP717,104,3.9397,1.597299,0
2016,11,WPP718,4633,57.0725,4.061692,0
2016,12,ARMM,1,0.6212,0.483154,0
2016,12,Unknown,54,2.8797,1.355764,0
2016,12,WPP571,1691,16.8094,2.879724,0
2016,12,WPP572,1934,3.2787,1.453656,0
2016,12,WPP573,549,16.6448,2.870439,0
2016,12,WPP711,3252,25.2008,3.265789,0
2016,12,WPP712,7584,21.6192,3.1188,0
2016,12,WPP713,4668,19.7904,3.034491,0
2016,12,WPP714,747,6.8732,2.063461,0
2016,12,WPP715,275,36.3426,3.620135,0
2016,12,WPP716,892,6.1346,1.96496,0
2016,12,WPP717,74,2.0699,1.121656,0
2016,12,WPP718,2406,42.812,3.779908,0
2017,0,Unknown,1,70.5769,4.270772,0
2017,1,Unknown,26,3.2898,1.456235,0
2017,1,WPP571,1917,13.416,2.668335,0
2017,1,WPP572,1878,4.4244,1.690914,0
2017,1,WPP573,519,2.7704,1.327187,0
2017,1,WPP711,2643,50.4388,3.940393,0
2017,1,WPP712,12267,24.8834,3.2536,0
2017,1,WPP713,4689,17.4988,2.917705,0
2017,1,WPP714,877,6.027,1.949756,0
2017,1,WPP715,249,46.4494,3.859664,0
2017,1,WPP716,805,4.5622,1.715987,0
2017,1,WPP717,77,2.9775,1.380664,0
2017,1,WPP718,2057,33.5917,3.543613,0
2017,2,Unknown,41,2.6386,1.291596,0
2017,2,WPP571,2527,19.7404,3.032086,0
2017,2,WPP572,2486,4.7167,1.743389,0
2017,2,WPP573,913,3.7229,1.552432,0
2017,2,WPP711,2939,30.6028,3.453247,0
2017,2,WPP712,16306,23.2826,3.18976,0
2017,2,WPP713,4228,18.7514,2.983226,0
2017,2,WPP714,796,6.2674,1.983399,0
2017,2,WPP715,499,28.8125,3.394929,0
2017,2,WPP716,726,4.5757,1.718417,0
2017,2,WPP717,85,2.7776,1.329086,0
2017,2,WPP718,2420,36.2836,3.618555,0
2017,3,Unknown,27,2.397,1.222906,0
2017,3,WPP571,2867,16.959,2.888092,0
2017,3,WPP572,2585,5.3703,1.851649,0
2017,3,WPP573,1233,3.4917,1.50223,0
2017,3,WPP711,7301,35.5448,3.59854,0
2017,3,WPP712,28379,25.9621,3.294431,0
2017,3,WPP713,5925,21.7248,3.123458,0
2017,3,WPP714,878,7.7468,2.168688,0
2017,3,WPP715,311,27.2081,3.339609,0
2017,3,WPP716,1214,5.3633,1.850547,0
2017,3,WPP717,52,5.8807,1.92872,0
2017,3,WPP718,3173,30.8077,3.459709,0
2017,4,ARMM,1,0.9757,0.680912,0
2017,4,Region XII,2,13.3045,2.660574,0
2017,4,Unknown,118,6.3001,1.987889,0
2017,4,WPP571,3125,16.142,2.841534,0
2017,4,WPP572,3048,5.5532,1.879953,0
2017,4,WPP573,1632,9.3926,2.341093,0
2017,4,WPP711,9386,37.5618,3.652261,0
2017,4,WPP712,31185,27.957,3.365814,0
2017,4,WPP713,6855,23.5008,3.198706,0
2017,4,WPP714,1031,9.4962,2.351012,0
2017,4,WPP715,305,24.2548,3.229016,0
2017,4,WPP716,1438,11.3887,2.516783,0
2017,4,WPP717,110,6.279,1.984995,0
2017,4,WPP718,2461,36.2014,3.616345,0
2017,5,ARMM,4,8.1232,2.210825,0
2017,5,Region XII,7,11.6454,2.537297,0
2017,5,Unknown,179,5.6677,1.897269,0
2017,5,WPP571,3118,15.9439,2.829906,0
2017,5,WPP572,2931,6.749,2.047567,0
2017,5,WPP573,1979,11.3432,2.513106,0
2017,5,WPP711,7865,38.6725,3.680658,0
2017,5,WPP712,31848,32.6567,3.516211,0
2017,5,WPP713,6992,33.2859,3.534734,0
2017,5,WPP714,808,8.1023,2.208527,0
2017,5,WPP715,422,52.5116,3.979898,0
2017,5,WPP716,1671,6.7013,2.041384,0
2017,5,WPP717,93,3.7777,1.563956,0
2017,5,WPP718,3027,51.7776,3.966087,0
2017,6,ARMM,2,1.7515,1.012153,0
2017,6,Region XII,1,2.3031,1.194852,0
2017,6,Unknown,127,6.6035,2.028602,0
2017,6,WPP571,2972,22.1713,3.142914,0
2017,6,WPP572,3778,7.0416,2.084632,0
2017,6,WPP573,1209,9.0211,2.304697,0
2017,6,WPP711,5629,34.7099,3.575427,0
2017,6,WPP712,21853,44.4212,3.815979,0
2017,6,WPP713,3800,17.5451,2.920204,0
2017,6,WPP714,381,7.8958,2.18558,0
2017,6,WPP715,250,11.2913,2.508893,0
2017,6,WPP716,1014,4.5834,1.719791,0
2017,6,WPP717,114,3.127,1.417545,0
2017,6,WPP718,1819,26.6229,3.318646,0
2017,7,ARMM,1,2.6172,1.285686,0
2017,7,Unknown,123,3.0959,1.40998,0
2017,7,WPP571,4165,16.1861,2.844102,0
2017,7,WPP572,6355,5.4973,1.871389,0
2017,7,WPP573,1584,6.2857,1.98592,0
2017,7,WPP711,9480,35.8388,3.606553,0
2017,7,WPP712,23272,34.2863,3.563496,0
2017,7,WPP713,5246,12.8404,2.627593,0
2017,7,WPP714,583,7.8249,2.177577,0
2017,7,WPP715,227,11.488,2.524769,0
2017,7,WPP716,1266,5.0957,1.807589,0
2017,7,WPP717,49,2.1624,1.151342,0
2017,7,WPP718,2612,41.2783,3.744273,0
2017,8,ARMM,1,1.4709,0.904587,0
2017,8,Unknown,147,4.7844,1.755161,0
2017,8,WPP571,3447,22.9384,3.175483,0
2017,8,WPP572,3511,4.8902,1.773294,0
2017,8,WPP573,1853,14.2058,2.72168,0
2017,8,WPP711,7502,29.4094,3.414753,0
2017,8,WPP712,34937,30.8951,3.462454,0
2017,8,WPP713,7504,21.6183,3.118757,0
2017,8,WPP714,1237,12.5902,2.60935,0
2017,8,WPP715,378,17.9309,2.940794,0
2017,8,WPP716,1653,6.0581,1.954179,0
2017,8,WPP717,119,3.5798,1.521656,0
2017,8,WPP718,6412,59.8111,4.107773,0
2017,9,Region XI,1,0.9722,0.679154,0
2017,9,Unknown,133,7.0829,2.089751,0
2017,9,WPP571,2521,16.6956,2.873314,0
2017,9,WPP572,3742,6.1867,1.972237,0
2017,9,WPP573,1462,19.3122,3.011222,0
2017,9,WPP711,6467,27.1972,3.339222,0
2017,9,WPP712,36022,35.2323,3.589952,0
2017,9,WPP713,6691,19.2581,3.008554,0
2017,9,WPP714,1121,9.7902,2.378634,0
2017,9,WPP715,278,19.1766,3.004526,0
2017,9,WPP716,1179,6.9324,2.070957,0
2017,9,WPP717,101,2.8068,1.33679,0
2017,9,WPP718,6669,57.0125,4.060659,0
2017,10,Unknown,128,10.1943,2.415406,0
2017,10,WPP571,4299,17.2108,2.902018,0
2017,10,WPP572,5055,4.8207,1.761418,0
2017,10,WPP573,1856,14.5772,2.74581,0
2017,10,WPP711,9490,31.1426,3.470183,0
2017,10,WPP712,37726,26.5197,3.314902,0
2017,10,WPP713,8629,21.6235,3.11899,0
2017,10,WPP714,1985,11.1865,2.500325,0
2017,10,WPP715,617,47.6864,3.885399,0
2017,10,WPP716,1389,6.2064,1.974966,0
2017,10,WPP717,109,2.3351,1.204503,0
2017,10,WPP718,7087,64.0676,4.175426,0
2017,11,ARMM,1,1.4031,0.876764,0
2017,11,Unknown,98,7.1754,2.101133,0
2017,11,WPP571,3275,18.1455,2.952068,0
2017,11,WPP572,1532,4.6073,1.724066,0
2017,11,WPP573,954,17.6252,2.924515,0
2017,11,WPP711,6570,27.1323,3.336918,0
2017,11,WPP712,16874,18.4252,2.966572,0
2017,11,WPP713,5361,18.1694,2.953317,0
2017,11,WPP714,1374,8.8269,2.285128,0
2017,11,WPP715,542,19.4035,3.015707,0
2017,11,WPP716,1399,7.2021,2.104391,0
2017,11,WPP717,188,2.8086,1.33725,0
2017,11,WPP718,7913,50.0731,3.933259,0
2017,12,ARMM,1,7.7607,2.170276,0
2017,12,Unknown,84,3.1031,1.411755,0
2017,12,WPP571,3400,18.0038,2.94464,0
2017,12,WPP572,3525,4.3064,1.668921,0
2017,12,WPP573,878,18.8873,2.990082,0
2017,12,WPP711,3384,25.7618,3.286975,0
2017,12,WPP712,12219,24.4749,3.237692,0
2017,12,WPP713,4857,16.7924,2.87877,0
2017,12,WPP714,1267,7.4856,2.138375,0
2017,12,WPP715,528,11.2564,2.506046,0
2017,12,WPP716,1200,5.8925,1.930429,0
2017,12,WPP717,160,2.454,1.239536,0
2017,12,WPP718,8898,45.2473,3.834003,0
2018,1,Unknown,42,2.4599,1.24125,0
2018,1,WPP571,2680,15.4347,2.799393,0
2018,1,WPP572,2219,3.0376,1.395653,0
2018,1,WPP573,214,45.2201,3.833414,0
2018,1,WPP711,2233,25.6431,3.282529,0
2018,1,WPP712,8233,26.5873,3.317355,0
2018,1,WPP713,2473,13.6799,2.686476,0
2018,1,WPP714,765,5.5374,1.877536,0
2018,1,WPP715,302,5.1256,1.812485,0
2018,1,WPP716,640,5.9353,1.936629,0
2018,1,WPP717,120,2.351,1.209253,0
2018,1,WPP718,6472,34.5301,3.57038,0
2018,2,ARMM,1,1.0388,0.712376,0
2018,2,Unknown,110,3.5806,1.521834,0
2018,2,WPP571,5836,21.5979,3.117856,0
2018,2,WPP572,3783,3.9351,1.596376,0
2018,2,WPP573,1428,8.9902,2.301605,0
2018,2,WPP711,3665,22.1254,3.140932,0
2018,2,WPP712,13944,26.1639,3.301887,0
2018,2,WPP713,5118,17.2323,2.903194,0
2018,2,WPP714,1146,10.4471,2.437734,0
2018,2,WPP715,575,4.4078,1.687849,0
2018,2,WPP716,1138,5.4161,1.858813,0
2018,2,WPP717,108,2.2391,1.175306,0
2018,2,WPP718,6372,39.142,3.692422,0
2018,3,Region XI,1,0.7912,0.582892,0
2018,3,Unknown,153,5.1652,1.818916,0
2018,3,WPP571,5161,17.4228,2.913586,0
2018,3,WPP572,3532,5.4396,1.862465,0
2018,3,WPP573,1733,12.9845,2.637948,0
2018,3,WPP711,8334,37.7407,3.656891,0
2018,3,WPP712,23763,29.0368,3.402425,0
2018,3,WPP713,5455,16.5708,2.86624,0
2018,3,WPP714,864,8.7178,2.273962,0
2018,3,WPP715,681,10.1203,2.408777,0
2018,3,WPP716,1443,5.5458,1.87883,0
2018,3,WPP717,84,3.014,1.389781,0
2018,3,WPP718,4795,35.6204,3.600604,0
2018,4,Region XII,1,7.1325,2.095873,0
2018,4,Unknown,238,7.0549,2.086279,0
2018,4,WPP571,5141,18.5018,2.970505,0
2018,4,WPP572,2628,5.2699,1.835766,0
2018,4,WPP573,2136,10.2377,2.419278,0
2018,4,WPP711,10252,40.0231,3.714136,0
2018,4,WPP712,37022,29.6795,3.423596,0
2018,4,WPP713,8050,18.8058,2.985973,0
2018,4,WPP714,1629,7.6927,2.162486,0
2018,4,WPP715,598,8.006,2.197891,0
2018,4,WPP716,1478,5.4715,1.867402,0
2018,4,WPP717,77,3.0124,1.389394,0
2018,4,WPP718,8051,37.052,3.638954,0
2018,5,Unknown,179,7.4434,2.133387,0
2018,5,WPP571,5172,18.9702,2.994244,0
2018,5,WPP572,3995,4.7608,1.751074,0
2018,5,WPP573,1752,10.1012,2.407054,0
2018,5,WPP711,11011,40.7468,3.731622,0
2018,5,WPP712,28545,32.9488,3.524854,0
2018,5,WPP713,7107,19.722,3.031197,0
2018,5,WPP714,685,10.8042,2.468456,0
2018,5,WPP715,597,10.0194,2.399658,0
2018,5,WPP716,1742,5.0479,1.799704,0
2018,5,WPP717,176,2.2485,1.178194,0
2018,5,WPP718,3869,41.5684,3.751111,0
2018,6,Region XII,2,1.3084,0.836541,0
2018,6,Unknown,188,4.461,1.697625,0
2018,6,WPP571,3262,24.0839,3.222227,0
2018,6,WPP572,3804,6.1043,1.960694,0
2018,6,WPP573,1372,7.4555,2.134812,0
2018,6,WPP711,7406,44.8211,3.824745,0
2018,6,WPP712,19811,43.661,3.799101,0
2018,6,WPP713,5101,13.0953,2.64584,0
2018,6,WPP714,787,5.7865,1.914928,0
2018,6,WPP715,609,12.2137,2.581252,0
2018,6,WPP716,1278,5.4485,1.863853,0
2018,6,WPP717,128,3.0756,1.405019,0
2018,6,WPP718,3417,38.0192,3.664055,0
2018,7,Unknown,218,6.243,1.980041,0
2018,7,WPP571,4515,16.0919,2.838603,0
2018,7,WPP572,4512,6.9344,2.071211,0
2018,7,WPP573,2081,7.0723,2.088443,0
2018,7,WPP711,8241,33.8098,3.549898,0
2018,7,WPP712,39919,40.3169,3.721272,0
2018,7,WPP713,7039,16.5017,2.862296,0
2018,7,WPP714,1030,11.2583,2.506205,0
2018,7,WPP715,438,11.8017,2.549575,0
2018,7,WPP716,1335,5.4533,1.864588,0
2018,7,WPP717,117,5.2398,1.830949,0
2018,7,WPP718,3278,52.7495,3.984335,0
2018,8,ARMM,1,1.2411,0.806971,0
2018,8,Unknown,190,3.8293,1.574695,0
2018,8,WPP571,4575,18.3715,2.963805,0
2018,8,WPP572,5529,5.3684,1.851346,0
2018,8,WPP573,2005,6.6319,2.032334,0
2018,8,WPP711,9880,35.3867,3.594204,0
2018,8,WPP712,44219,33.7295,3.547589,0
2018,8,WPP713,8654,23.5392,3.20027,0
2018,8,WPP714,1179,11.7019,2.54175,0
2018,8,WPP715,558,9.339,2.335927,0
2018,8,WPP716,1533,4.8767,1.771002,0
2018,8,WPP717,101,2.492,1.25047,0
2018,8,WPP718,6397,53.5899,3.999849,0
2018,9,Region XII,1,0.7406,0.554212,0
2018,9,Unknown,182,8.2159,2.220927,0
2018,9,WPP571,2738,15.8927,2.826881,0
2018,9,WPP572,3149,5.18,1.821316,0
2018,9,WPP573,1572,18.6661,2.978895,0
2018,9,WPP711,8900,32.5842,3.514055,0
2018,9,WPP712,32911,28.7942,3.394313,0
2018,9,WPP713,10347,22.8074,3.169995,0
2018,9,WPP714,2115,9.7102,2.371197,0
2018,9,WPP715,622,14.616,2.748296,0
2018,9,WPP716,1640,5.1249,1.812362,0
2018,9,WPP717,118,2.3227,1.200775,0
2018,9,WPP718,5868,53.2673,3.993922,0
2018,10,ARMM,2,1.2266,0.800491,0
2018,10,Region XII,1,7.9764,2.1946,0
2018,10,Unknown,151,5.485,1.869489,0
2018,10,WPP571,2826,23.6509,3.204813,0
2018,10,WPP572,2373,6.0801,1.957294,0
2018,10,WPP573,1971,10.4368,2.436835,0
2018,10,WPP711,8802,34.4347,3.567691,0
2018,10,WPP712,31594,21.6421,3.119813,0
2018,10,WPP713,10786,20.156,3.051922,0
2018,10,WPP714,2324,10.1256,2.409248,0
2018,10,WPP715,764,21.1623,3.098392,0
2018,10,WPP716,1672,6.4348,2.006171,0
2018,10,WPP717,171,3.0221,1.391796,0
2018,10,WPP718,10436,55.4384,4.033149,0
2018,11,Unknown,171,5.746,1.908949,0
2018,11,WPP571,3382,16.2299,2.846647,0
2018,11,WPP572,1921,6.3537,1.995204,0
2018,11,WPP573,1307,15.3335,2.793221,0
2018,11,WPP711,7813,30.8726,3.461746,0
2018,11,WPP712,25626,18.1323,2.95138,0
2018,11,WPP713,7916,15.5802,2.808209,0
2018,11,WPP714,2263,9.5399,2.355171,0
2018,11,WPP715,920,10.8782,2.474706,0
2018,11,WPP716,1634,6.0542,1.953628,0
2018,11,WPP717,177,2.4074,1.225955,0
2018,11,WPP718,9288,50.1575,3.93491,0
2018,12,ARMM,1,0.5995,0.469707,0
2018,12,Region XII,2,0.7682,0.569954,0
2018,12,Unknown,114,4.8324,1.763436,0
2018,12,WPP571,3253,13.5832,2.679873,0
2018,12,WPP572,2632,4.2909,1.665993,0
2018,12,WPP573,1291,7.0977,2.091576,0
2018,12,WPP711,5946,25.2225,3.266619,0
2018,12,WPP712,20184,16.0747,2.837596,0
2018,12,WPP713,5928,12.8072,2.625188,0
2018,12,WPP714,1685,7.4152,2.130039,0
2018,12,WPP715,823,10.3476,2.429009,0
2018,12,WPP716,1437,4.852,1.766787,0
2018,12,WPP717,179,3.3162,1.462379,0
2018,12,WPP718,6323,36.7249,3.630321,0
2019,1,Unknown,104,4.7066,1.741619,0
2019,1,WPP571,5194,17.9499,2.9418,0
2019,1,WPP572,3444,3.3075,1.460369,0
2019,1,WPP573,1282,4.5349,1.71107,0
2019,1,WPP711,3482,22.3675,3.151346,0
2019,1,WPP712,15350,19.8487,3.037293,0
2019,1,WPP713,5917,13.1544,2.650024,0
2019,1,WPP714,931,6.555,2.022211,0
2019,1,WPP715,670,11.4363,2.520617,0
2019,1,WPP716,1335,5.8509,1.924379,0
2019,1,WPP717,133,2.1758,1.155572,0
2019,1,WPP718,5025,40.2035,3.718524,0
2019,2,ARMM,1,0.5104,0.412395,0
2019,2,Unknown,145,7.1889,2.102784,0
2019,2,WPP571,6537,21.0741,3.094405,0
2019,2,WPP572,4515,4.7297,1.745666,0
2019,2,WPP573,1548,6.8334,2.058398,0
2019,2,WPP711,4476,30.3663,3.445735,0
2019,2,WPP712,18618,25.873,3.29112,0
2019,2,WPP713,5558,15.6384,2.811711,0
2019,2,WPP714,1052,6.4917,2.013792,0
2019,2,WPP715,634,31.5707,3.483414,0
2019,2,WPP716,1431,7.8526,2.180706,0
2019,2,WPP717,111,2.2319,1.17307,0
2019,2,WPP718,5868,39.6876,3.705922,0
2019,3,ARMM,1,0.7992,0.587345,0
2019,3,Unknown,132,12.3513,2.591611,0
2019,3,WPP571,8119,19.5316,3.021965,0
2019,3,WPP572,4345,5.9275,1.935496,0
2019,3,WPP573,1733,5.9213,1.934609,0
2019,3,WPP711,9238,34.706,3.575317,0
2019,3,WPP712,22289,23.6313,3.204017,0
2019,3,WPP713,6081,16.0239,2.834616,0
2019,3,WPP714,1192,6.702,2.041485,0
2019,3,WPP715,595,23.045,3.179926,0
2019,3,WPP716,1652,7.2118,2.105573,0
2019,3,WPP717,120,2.8095,1.3375,0
2019,3,WPP718,4288,29.0652,3.403367,0
2019,4,Unknown,189,10.3313,2.427571,0
2019,4,WPP571,5840,16.6524,2.870872,0
2019,4,WPP572,5155,4.9587,1.784852,0
2019,4,WPP573,2316,7.3467,2.121862,0
2019,4,WPP711,9585,38.7612,3.682892,0
2019,4,WPP712,32950,26.7365,3.322749,0
2019,4,WPP713,6781,18.2537,2.957705,0
2019,4,WPP714,1081,7.4092,2.129331,0
2019,4,WPP715,642,15.9087,2.82783,0
2019,4,WPP716,1546,5.6379,1.892798,0
2019,4,WPP717,106,3.1627,1.426161,0
2019,4,WPP718,5443,40.6378,3.729008,0
2019,5,ARMM,1,19.8942,3.039472,0
2019,5,Region XII,1,2.1513,1.147799,0
2019,5,Unknown,270,12.8557,2.628693,0
2019,5,WPP571,5332,16.194,2.844563,0
2019,5,WPP572,6369,6.1947,1.97334,0
2019,5,WPP573,2392,6.421,2.004312,0
2019,5,WPP711,13988,47.2385,3.876157,0
2019,5,WPP712,34378,33.5303,3.541837,0
2019,5,WPP713,8821,18.4298,2.96681,0
2019,5,WPP714,1268,9.376,2.3395,0
2019,5,WPP715,888,13.6206,2.682435,0
2019,5,WPP716,1685,5.9699,1.941597,0
2019,5,WPP717,309,2.5853,1.276853,0
2019,5,WPP718,3443,39.2576,3.6953,0
2019,6,Unknown,150,5.1476,1.816059,0
2019,6,WPP571,2825,14.6633,2.75132,0
2019,6,WPP572,3332,5.6068,1.888093,0
2019,6,WPP573,1655,6.5779,2.025237,0
2019,6,WPP711,6173,33.1715,3.531393,0
2019,6,WPP712,21632,36.749,3.63096,0
2019,6,WPP713,4770,12.9251,2.633694,0
2019,6,WPP714,651,8.5498,2.256516,0
2019,6,WPP715,488,9.5012,2.351487,0
2019,6,WPP716,1273,5.8075,1.918025,0
2019,6,WPP717,115,2.8502,1.348122,0
2019,6,WPP718,3288,38.5634,3.677905,0
2019,7,ARMM,1,0.9861,0.686176,0
2019,7,Unknown,226,4.7723,1.753071,0
2019,7,WPP571,6529,14.2198,2.722594,0
2019,7,WPP572,6578,5.0161,1.794442,0
2019,7,WPP573,2544,4.7263,1.745071,0
2019,7,WPP711,9766,34.0917,3.557963,0
2019,7,WPP712,47081,33.1464,3.530657,0
2019,7,WPP713,10907,23.8027,3.210951,0
2019,7,WPP714,1699,11.1157,2.494506,0
2019,7,WPP715,469,8.7698,2.279291,0
2019,7,WPP716,1466,7.3549,2.122845,0
2019,7,WPP717,186,2.5683,1.272101,0
2019,7,WPP718,7481,57.9131,4.076063,0
2019,8,ARMM,3,1.4601,0.900207,0
2019,8,Unknown,217,4.5853,1.720132,0
2019,8,WPP571,5356,14.5521,2.744193,0
2019,8,WPP572,4148,5.2527,1.833011,0
2019,8,WPP573,2701,4.3165,1.670807,0
2019,8,WPP711,8322,28.3565,3.379513,0
2019,8,WPP712,47777,31.8172,3.490953,0
2019,8,WPP713,11476,22.1885,3.143655,0
2019,8,WPP714,1774,8.7352,2.27575,0
2019,8,WPP715,524,8.6317,2.265063,0
2019,8,WPP716,1755,6.9684,2.075481,0
2019,8,WPP717,72,3.0601,1.401208,0
2019,8,WPP718,8689,51.0643,3.95248,0
2019,9,Unknown,208,6.9104,2.068182,0
2019,9,WPP571,3903,10.3191,2.426495,0
2019,9,WPP572,3703,5.3448,1.847631,0
2019,9,WPP573,2825,5.2577,1.833817,0
2019,9,WPP711,9708,25.7484,3.286473,0
2019,9,WPP712,54099,28.2038,3.374298,0
2019,9,WPP713,12352,24.8145,3.250935,0
2019,9,WPP714,1913,8.9572,2.298292,0
2019,9,WPP715,733,10.9146,2.477767,0
2019,9,WPP716,1826,6.2682,1.983502,0
2019,9,WPP717,177,3.0698,1.403587,0
2019,9,WPP718,11906,56.2083,4.046699,0
2019,10,Unknown,227,6.285,1.985814,0
2019,10,WPP571,3396,15.0642,2.776596,0
2019,10,WPP572,2976,5.7102,1.903625,0
2019,10,WPP573,3987,6.3975,2.001139,0
2019,10,WPP711,10112,30.6017,3.453212,0
2019,10,WPP712,51922,23.6756,3.205816,0
2019,10,WPP713,12118,22.4377,3.154347,0
2019,10,WPP714,2968,9.8817,2.387084,0
2019,10,WPP715,937,8.5502,2.256558,0
2019,10,WPP716,2021,6.2422,1.979927,0
2019,10,WPP717,257,17.735,2.930391,0
2019,10,WPP718,16050,49.5276,3.92252,0
2019,11,Unknown,231,4.1771,1.644253,0
2019,11,WPP571,4121,21.177,3.099056,0
2019,11,WPP572,4327,4.9785,1.788172,0
2019,11,WPP573,3924,6.9659,2.075171,0
2019,11,WPP711,11081,28.5797,3.387089,0
2019,11,WPP712,49160,28.4877,3.383974,0
2019,11,WPP713,11421,20.6198,3.073609,0
2019,11,WPP714,2790,9.8723,2.386215,0
2019,11,WPP715,1066,16.0449,2.835852,0
2019,11,WPP716,1774,7.6977,2.163055,0
2019,11,WPP717,389,2.5731,1.273436,0
2019,11,WPP718,16089,45.2685,3.834462,0
2019,12,Unknown,181,5.6012,1.88725,0
2019,12,WPP571,5492,22.8825,3.173144,0
2019,12,WPP572,3989,4.4461,1.694898,0
2019,12,WPP573,2335,4.9255,1.779269,0
2019,12,WPP711,3821,18.152,2.952408,0
2019,12,WPP712,33119,23.3539,3.19269,0
2019,12,WPP713,7896,15.3653,2.795163,0
2019,12,WPP714,2102,7.3598,2.123431,0
2019,12,WPP715,1034,9.9963,2.397559,0
2019,12,WPP716,1208,6.6859,2.039391,0
2019,12,WPP717,212,2.7762,1.328716,0
2019,12,WPP718,16003,38.7649,3.682984,0
2020,1,ARMM,1,0.4789,0.391277,0
2020,1,Unknown,144,2.9458,1.372658,0
2020,1,WPP571,5076,19.3729,3.014206,0
2020,1,WPP572,4663,3.8176,1.572274,0
2020,1,WPP573,2333,5.0799,1.804996,0
2020,1,WPP711,3186,18.9221,2.991831,0
2020,1,WPP712,21086,21.7589,3.124957,0
2020,1,WPP713,6568,13.0569,2.643114,0
2020,1,WPP714,1637,5.9562,1.93964,0
2020,1,WPP715,1013,8.6525,2.267216,0
2020,1,WPP716,1320,5.897,1.931087,0
2020,1,WPP717,337,1.698,0.992523,0
2020,1,WPP718,8408,27.3277,3.343839,0
2020,2,ARMM,1,0.8588,0.61995,0
2020,2,Unknown,200,4.4613,1.697687,0
2020,2,WPP571,7504,17.9065,2.939503,0
2020,2,WPP572,6991,4.6478,1.731275,0
2020,2,WPP573,2132,3.9898,1.607401,0
2020,2,WPP711,6522,24.7415,3.248105,0
2020,2,WPP712,20714,21.1662,3.098569,0
2020,2,WPP713,8762,16.6217,2.869129,0
2020,2,WPP714,1643,8.2405,2.223595,0
2020,2,WPP715,929,10.2746,2.422556,0
2020,2,WPP716,1341,7.4903,2.13892,0
2020,2,WPP717,198,2.7872,1.331634,0
2020,2,WPP718,7601,26.4472,3.312264,0
2020,3,Unknown,157,5.8321,1.921639,0
2020,3,WPP571,7100,17.9368,2.941109,0
2020,3,WPP572,4611,6.7743,2.050825,0
2020,3,WPP573,2503,4.4649,1.698343,0
2020,3,WPP711,13258,45.5524,3.840578,0
2020,3,WPP712,31844,24.4148,3.235331,0
2020,3,WPP713,7250,15.6889,2.814744,0
2020,3,WPP714,1602,9.163,2.318758,0
2020,3,WPP715,584,7.8997,2.186014,0
2020,3,WPP716,1612,8.7563,2.277913,0
2020,3,WPP717,117,2.978,1.380781,0
2020,3,WPP718,5461,29.4062,3.414646,0
2020,4,ARMM,1,1.0597,0.72256,0
2020,4,Region XII,1,0.8718,0.626918,0
2020,4,Unknown,189,5.2964,1.83998,0
2020,4,WPP571,4914,15.3528,2.794402,0
2020,4,WPP572,4220,7.3998,2.128205,0
2020,4,WPP573,3103,5.0364,1.797807,0
2020,4,WPP711,15044,44.3942,3.815385,0
2020,4,WPP712,41559,27.9759,3.366463,0
2020,4,WPP713,7910,15.1673,2.782988,0
2020,4,WPP714,1605,10.5762,2.448951,0
2020,4,WPP715,653,4.4982,1.704429,0
2020,4,WPP716,1407,7.9192,2.188203,0
2020,4,WPP717,179,3.208,1.436998,0
2020,4,WPP718,6220,31.6881,3.487012,0
2020,5,Region XII,1,0.8676,0.62464,0
2020,5,Unknown,154,14.8565,2.763577,0
2020,5,WPP571,3367,14.9399,2.768825,0
2020,5,WPP572,3265,6.4405,2.006936,0
2020,5,WPP573,1119,4.0223,1.613882,0
2020,5,WPP711,9970,39.4538,3.700161,0
2020,5,WPP712,23225,26.3822,3.309894,0
2020,5,WPP713,5246,15.6725,2.81376,0
2020,5,WPP714,1111,8.0311,2.200677,0
2020,5,WPP715,549,4.9746,1.787512,0
2020,5,WPP716,1274,6.9421,2.072173,0
2020,5,WPP717,187,2.8567,1.349819,0
2020,5,WPP718,3096,29.7247,3.425067,0
2020,6,Unknown,261,5.7659,1.91189,0
2020,6,WPP571,4598,13.948,2.70458,0
2020,6,WPP572,5652,6.4197,2.004139,0
2020,6,WPP573,3095,3.7939,1.567341,0
2020,6,WPP711,6610,33.1071,3.529505,0
2020,6,WPP712,36873,25.6346,3.282212,0
2020,6,WPP713,6400,15.0816,2.777674,0
2020,6,WPP714,1085,10.1163,2.408411,0
2020,6,WPP715,614,3.8121,1.571142,0
2020,6,WPP716,1220,8.0455,2.20227,0
2020,6,WPP717,324,3.2611,1.449519,0
2020,6,WPP718,4215,38.9005,3.686389,0
2020,7,Region XII,1,0.831,0.604836,0
2020,7,Unknown,222,4.5095,1.706466,0
2020,7,WPP571,4791,14.5186,2.74204,0
2020,7,WPP572,4729,4.6009,1.722926,0
2020,7,WPP573,3221,4.7382,1.747138,0
2020,7,WPP711,10766,33.9185,3.553017,0
2020,7,WPP712,48008,31.423,3.478868,0
2020,7,WPP713,8113,20.5189,3.06893,0
2020,7,WPP714,1236,9.1583,2.318294,0
2020,7,WPP715,501,3.5385,1.512589,0
2020,7,WPP716,1361,6.7392,2.0463,0
2020,7,WPP717,266,3.3453,1.46909,0
2020,7,WPP718,6072,50.1306,3.934383,0
2020,8,Unknown,329,6.2581,1.982116,0
2020,8,WPP571,5331,16.7461,2.876164,0
2020,8,WPP572,5078,6.3663,1.996917,0
2020,8,WPP573,3353,5.2185,1.827523,0
2020,8,WPP711,11068,39.8645,3.710263,0
2020,8,WPP712,54536,34.6539,3.573858,0
2020,8,WPP713,12132,25.4247,3.2743,0
2020,8,WPP714,2013,11.8724,2.555083,0
2020,8,WPP715,693,3.2633,1.450042,0
2020,8,WPP716,2129,8.9559,2.298162,0
2020,8,WPP717,253,2.5029,1.253579,0
2020,8,WPP718,10907,55.0006,4.025362,0
2020,9,Unknown,178,5.2635,1.834733,0
2020,9,WPP571,3123,12.8606,2.629052,0
2020,9,WPP572,3516,6.0831,1.957714,0
2020,9,WPP573,3524,5.5712,1.882692,0
2020,9,WPP711,7186,28.8145,3.394994,0
2020,9,WPP712,46121,25.9658,3.294568,0
2020,9,WPP713,9605,24.2175,3.227539,0
2020,9,WPP714,1631,9.9194,2.390543,0
2020,9,WPP715,500,5.6911,1.900779,0
2020,9,WPP716,1230,7.5918,2.150809,0
2020,9,WPP717,230,3.3605,1.472578,0
2020,9,WPP718,12611,55.0427,4.026113,0
2020,10,Unknown,215,8.3124,2.231352,0
2020,10,WPP571,1741,10.1317,2.409799,0
2020,10,WPP572,2685,5.1074,1.809503,0
2020,10,WPP573,2720,5.0752,1.804216,0
2020,10,WPP711,7577,29.3117,3.411534,0
2020,10,WPP712,41458,25.8986,3.292073,0
2020,10,WPP713,7638,17.3098,2.907439,0
2020,10,WPP714,2443,13.0604,2.643362,0
2020,10,WPP715,502,6.659,2.035886,0
2020,10,WPP716,1012,7.6053,2.152383,0
2020,10,WPP717,215,4.2227,1.653015,0
2020,10,WPP718,15851,51.1032,3.953226,0
2020,11,Region XII,1,1.029,0.707553,0
2020,11,Unknown,187,4.677,1.736419,0
2020,11,WPP571,2227,10.9229,2.47846,0
2020,11,WPP572,3497,5.8327,1.921716,0
2020,11,WPP573,2986,5.974,1.942186,0
2020,11,WPP711,11941,32.7903,3.520173,0
2020,11,WPP712,40806,23.32,3.191297,0
2020,11,WPP713,7706,14.7518,2.756953,0
2020,11,WPP714,2458,9.9298,2.391497,0
2020,11,WPP715,804,3.7033,1.548255,0
2020,11,WPP716,1619,7.9622,2.193016,0
2020,11,WPP717,362,4.352,1.677469,0
2020,11,WPP718,16660,43.2531,3.789925,0
2020,12,Unknown,101,3.5665,1.518744,0
2020,12,WPP571,2975,16.468,2.860373,0
2020,12,WPP572,2719,4.5978,1.722379,0
2020,12,WPP573,1068,4.3092,1.669435,0
2020,12,WPP711,5290,28.5246,3.385223,0
2020,12,WPP712,12052,19.2922,3.010234,0
2020,12,WPP713,4031,13.9517,2.704825,0
2020,12,WPP714,1178,6.1208,1.963021,0
2020,12,WPP715,408,3.2211,1.440085,0
2020,12,WPP716,1210,6.6782,2.038379,0
2020,12,WPP717,216,2.8967,1.360125,0
2020,12,WPP718,12302,28.8904,3.397536,0
2021,1,Unknown,93,2.5772,1.274568,0
2021,1,WPP571,2297,11.8723,2.55508,0
2021,1,WPP572,3587,4.3881,1.684197,0
2021,1,WPP573,738,3.1372,1.420024,0
2021,1,WPP711,2394,17.4958,2.917542,0
2021,1,WPP712,10129,14.2384,2.723818,0
2021,1,WPP713,3698,12.0841,2.571401,0
2021,1,WPP714,1342,7.5537,2.146364,0
2021,1,WPP715,410,3.151,1.423352,0
2021,1,WPP716,752,6.6965,2.040769,0
2021,1,WPP717,179,2.1052,1.133092,0
2021,1,WPP718,6727,21.6404,3.119735,0
2021,2,Unknown,156,4.2318,1.654754,0
2021,2,WPP571,6415,15.545,2.806083,0
2021,2,WPP572,5494,3.6409,1.534904,0
2021,2,WPP573,980,2.8798,1.355777,0
2021,2,WPP711,7975,30.9502,3.46418,0
2021,2,WPP712,17082,18.5371,2.972316,0
2021,2,WPP713,5437,13.4006,2.667267,0
2021,2,WPP714,1153,8.1985,2.219044,0
2021,2,WPP715,500,3.162,1.425996,0
2021,2,WPP716,856,7.1724,2.100759,0
2021,2,WPP717,135,2.8765,1.35494,0
2021,2,WPP718,4199,17.0141,2.891154,0
2021,3,Region XII,1,2.8611,1.350942,0
2021,3,Unknown,190,8.8374,2.286193,0
2021,3,WPP571,6747,17.116,2.896794,0
2021,3,WPP572,3801,5.8512,1.924428,0
2021,3,WPP573,2068,3.972,1.603826,0
2021,3,WPP711,15273,38.6684,3.680554,0
2021,3,WPP712,34858,28.1648,3.372961,0
2021,3,WPP713,7509,17.4114,2.91297,0
2021,3,WPP714,2349,10.0588,2.403225,0
2021,3,WPP715,702,3.5594,1.51718,0
2021,3,WPP716,1440,8.9796,2.30054,0
2021,3,WPP717,102,35.3206,3.592385,0
2021,3,WPP718,8278,31.9385,3.494643,0
2021,4,Region XII,1,2.5741,1.273725,0
2021,4,Unknown,280,6.1622,1.968816,0
2021,4,WPP571,5154,15.0177,2.773695,0
2021,4,WPP572,4314,6.3626,1.996411,0
2021,4,WPP573,3796,5.0006,1.791854,0
2021,4,WPP711,24312,39.1114,3.691661,0
2021,4,WPP712,42941,25.3872,3.272879,0
2021,4,WPP713,8003,15.8348,2.823447,0
2021,4,WPP714,1948,11.4085,2.518381,0
2021,4,WPP715,806,4.8734,1.770439,0
2021,4,WPP716,1070,8.9641,2.298987,0
2021,4,WPP717,174,2.4937,1.250955,0
2021,4,WPP718,4181,28.1128,3.371177,0
2021,5,Unknown,208,5.6035,1.8876,0
2021,5,WPP571,2805,14.558,2.744574,0
2021,5,WPP572,2845,5.8885,1.929849,0
2021,5,WPP573,2154,3.7254,1.552955,0
2021,5,WPP711,17123,36.9405,3.636018,0
2021,5,WPP712,26660,33.1801,3.531644,0
2021,5,WPP713,5473,13.7702,2.69261,0
2021,5,WPP714,993,7.6625,2.159005,0
2021,5,WPP715,688,4.0714,1.623619,0
2021,5,WPP716,977,8.5769,2.259349,0
2021,5,WPP717,229,2.9597,1.376168,0
2021,5,WPP718,2818,27.7066,3.357126,0
2021,6,ARMM,1,0.8186,0.598079,0
2021,6,Unknown,269,4.8402,1.764766,0
2021,6,WPP571,4457,12.4538,2.599265,0
2021,6,WPP572,6168,5.6871,1.900177,0
2021,6,WPP573,4969,6.3712,1.997577,0
2021,6,WPP711,13465,36.6867,3.629307,0
2021,6,WPP712,47311,29.9946,3.433811,0
2021,6,WPP713,10001,18.7806,2.984702,0
2021,6,WPP714,2440,11.7443,2.545088,0
2021,6,WPP715,1084,3.7621,1.560679,0
2021,6,WPP716,2171,11.2306,2.503937,0
2021,6,WPP717,434,3.7423,1.556514,0
2021,6,WPP718,5454,41.0951,3.739931,0
2021,7,Region XI,1,5.2079,1.825816,0
2021,7,Unknown,230,6.0635,1.954941,0
2021,7,WPP571,4150,15.7155,2.816333,0
2021,7,WPP572,6174,6.1978,1.973777,0
2021,7,WPP573,5131,7.1436,2.097227,0
2021,7,WPP711,12420,31.9253,3.494243,0
2021,7,WPP712,46972,26.1904,3.302863,0
2021,7,WPP713,7566,15.2954,2.790886,0
2021,7,WPP714,1268,11.7286,2.543849,0
2021,7,WPP715,674,4.5832,1.719754,0
2021,7,WPP716,1529,8.5567,2.257238,0
2021,7,WPP717,233,2.6526,1.295444,0
2021,7,WPP718,6879,42.6195,3.775505,0
2021,8,ARMM,1,0.9152,0.649809,0
2021,8,Unknown,201,8.2181,2.221174,0
2021,8,WPP571,2392,11.3525,2.513859,0
2021,8,WPP572,3329,5.0402,1.798441,0
2021,8,WPP573,3963,7.8608,2.181633,0
2021,8,WPP711,9516,29.0063,3.401406,0
2021,8,WPP712,35122,28.2224,3.374935,0
2021,8,WPP713,7134,17.5521,2.920584,0
2021,8,WPP714,1459,12.0672,2.570101,0
2021,8,WPP715,710,3.6193,1.530243,0
2021,8,WPP716,1511,9.9109,2.389761,0
2021,8,WPP717,254,3.7263,1.553143,0
2021,8,WPP718,8277,52.9668,3.988369,0
2021,9,Unknown,199,6.8781,2.064081,0
2021,9,WPP571,2497,12.75,2.621036,0
2021,9,WPP572,3362,4.7892,1.755989,0
2021,9,WPP573,4661,8.4385,2.244796,0
2021,9,WPP711,11096,30.3382,3.444839,0
2021,9,WPP712,35385,23.8237,3.211801,0
2021,9,WPP713,7184,16.7397,2.875807,0
2021,9,WPP714,1872,9.5186,2.353142,0
2021,9,WPP715,626,3.5194,1.508389,0
2021,9,WPP716,1402,9.367,2.338624,0
2021,9,WPP717,279,6.7851,2.052209,0
2021,9,WPP718,11283,47.0519,3.872281,0
2021,10,Unknown,271,6.0078,1.947028,0
2021,10,WPP571,4396,13.9021,2.701504,0
2021,10,WPP572,4354,4.4664,1.698616,0
2021,10,WPP573,4775,7.3599,2.123445,0
2021,10,WPP711,16068,32.8673,3.522451,0
2021,10,WPP712,43089,21.8816,3.130331,0
2021,10,WPP713,9632,17.1806,2.900357,0
2021,10,WPP714,2731,12.8699,2.629723,0
2021,10,WPP715,868,4.0736,1.624054,0
2021,10,WPP716,1959,8.7359,2.275815,0
2021,10,WPP717,192,3.2079,1.436958,0
2021,10,WPP718,18414,53.393,3.996236,0
2021,11,ARMM,1,8.1543,2.214224,0
2021,11,Region XII,1,6.5368,2.019799,0
2021,11,Unknown,163,5.113,1.81042,0
2021,11,WPP571,2187,14.3781,2.732944,0
2021,11,WPP572,2338,5.4082,1.857581,0
2021,11,WPP573,1816,4.6808,1.737094,0
2021,11,WPP711,11832,28.4292,3.381986,0
2021,11,WPP712,27213,19.7783,3.033909,0
2021,11,WPP713,6203,13.8885,2.700588,0
2021,11,WPP714,2584,9.5171,2.353007,0
2021,11,WPP715,811,3.1956,1.434032,0
2021,11,WPP716,1690,9.7653,2.376331,0
2021,11,WPP717,279,2.9545,1.374866,0
2021,11,WPP718,17136,43.8141,3.802522,0
2021,12,Unknown,166,4.5919,1.721319,0
2021,12,WPP571,3981,15.6321,2.811334,0
2021,12,WPP572,3559,3.9857,1.606568,0
2021,12,WPP573,1757,5.3767,1.852646,0
2021,12,WPP711,5809,20.8001,3.081914,0
2021,12,WPP712,18739,20.0569,3.04723,0
2021,12,WPP713,4262,13.7874,2.693772,0
2021,12,WPP714,1119,10.2383,2.419328,0
2021,12,WPP715,548,3.4609,1.495354,0
2021,12,WPP716,995,6.7171,2.043432,0
2021,12,WPP717,211,2.3931,1.221744,0
2021,12,WPP718,11985,28.5333,3.385519,0
2022,1,Unknown,188,4.4348,1.692822,0
2022,1,WPP571,5167,19.4735,3.01913,0
2022,1,WPP572,4601,4.3163,1.670773,0
2022,1,WPP573,1247,3.4667,1.496647,0
2022,1,WPP711,7372,21.2324,3.101551,0
2022,1,WPP712,19789,17.4305,2.914006,0
2022,1,WPP713,5409,13.9662,2.705794,0
2022,1,WPP714,1589,6.7577,2.048684,0
2022,1,WPP715,1091,3.6296,1.532474,0
2022,1,WPP716,1101,7.7968,2.174384,0
2022,1,WPP717,321,2.3578,1.211286,0
2022,1,WPP718,9542,23.225,3.187383,0
2022,2,Unknown,106,7.8334,2.17854,0
2022,2,WPP571,3583,13.9023,2.701513,0
2022,2,WPP572,2835,6.2883,1.986267,0
2022,2,WPP573,1190,5.1259,1.812518,0
2022,2,WPP711,7363,26.8598,3.327184,0
2022,2,WPP712,15314,22.7845,3.169035,0
2022,2,WPP713,4046,12.9607,2.636248,0
2022,2,WPP714,1046,8.5335,2.254812,0
2022,2,WPP715,591,3.2583,1.448874,0
2022,2,WPP716,868,7.2002,2.104154,0
2022,2,WPP717,155,1.7746,1.020494,0
2022,2,WPP718,6762,21.6789,3.121433,0
2022,3,ARMM,2,1.0492,0.717436,0
2022,3,Region XII,1,8.3563,2.236052,0
2022,3,Unknown,154,7.1605,2.099311,0
2022,3,WPP571,4387,14.4507,2.737654,0
2022,3,WPP572,4684,4.6257,1.727352,0
2022,3,WPP573,3113,5.9396,1.937248,0
2022,3,WPP711,19161,40.3792,3.722779,0
2022,3,WPP712,30733,22.0938,3.139566,0
2022,3,WPP713,6499,14.731,2.755636,0
2022,3,WPP714,1491,9.4676,2.348285,0
2022,3,WPP715,707,6.937,2.071538,0
2022,3,WPP716,1326,11.8659,2.554578,0
2022,3,WPP717,166,2.2175,1.168604,0
2022,3,WPP718,6645,27.4095,3.346723,0
2022,4,ARMM,2,1.0675,0.726352,0
2022,4,Unknown,255,5.2194,1.827676,0
2022,4,WPP571,4201,14.3222,2.729302,0
2022,4,WPP572,3927,5.4998,1.871771,0
2022,4,WPP573,4429,5.6695,1.897549,0
2022,4,WPP711,16955,34.9731,3.582771,0
2022,4,WPP712,38096,22.7683,3.168351,0
2022,4,WPP713,7258,15.5473,2.806224,0
2022,4,WPP714,1728,12.5901,2.60934,0
2022,4,WPP715,720,4.2327,1.654931,0
2022,4,WPP716,1158,8.9782,2.300401,0
2022,4,WPP717,316,3.9323,1.595808,0
2022,4,WPP718,4075,24.1164,3.223521,0
2022,5,Region XII,1,1.0095,0.697881,0
2022,5,Unknown,210,5.0492,1.799932,0
2022,5,WPP571,3249,12.1924,2.579644,0
2022,5,WPP572,3718,5.2089,1.825987,0
2022,5,WPP573,3357,5.0897,1.806606,0
2022,5,WPP711,16638,37.62,3.653771,0
2022,5,WPP712,26384,27.0832,3.335171,0
2022,5,WPP713,5017,12.1862,2.579174,0
2022,5,WPP714,1289,9.7939,2.378982,0
2022,5,WPP715,847,3.7867,1.565842,0
2022,5,WPP716,1156,7.3653,2.124089,0
2022,5,WPP717,359,3.0597,1.401102,0
2022,5,WPP718,2050,17.5325,2.919527,0
2022,6,ARMM,1,0.7801,0.576656,0
2022,6,Unknown,266,4.1251,1.634146,0
2022,6,WPP571,3056,15.4904,2.802777,0
2022,6,WPP572,3226,4.4077,1.687828,0
2022,6,WPP573,4030,6.0493,1.952928,0
2022,6,WPP711,13354,35.2946,3.591668,0
2022,6,WPP712,27245,22.7743,3.168604,0
2022,6,WPP713,7206,12.8033,2.624906,0
2022,6,WPP714,1662,11.4006,2.517749,0
2022,6,WPP715,1017,4.2131,1.651183,0
2022,6,WPP716,1567,9.4132,2.343077,0
2022,6,WPP717,442,3.3281,1.465135,0
2022,6,WPP718,1167,21.8771,3.130139,0
2022,7,Unknown,68,5.3705,1.851673,0
2022,7,WPP571,1650,13.0007,2.639107,0
2022,7,WPP572,1212,6.9754,2.076357,0
2022,7,WPP573,1941,13.3852,2.6662,0
2022,7,WPP711,4965,41.033,3.738455,0
2022,7,WPP712,12245,29.2163,3.408382,0
2022,7,WPP713,3130,17.0545,2.893396,0
2022,7,WPP714,456,10.7115,2.460571,0
2022,7,WPP715,232,4.6146,1.725365,0
2022,7,WPP716,576,11.6264,2.535793,0
2022,7,WPP717,77,4.2874,1.665319,0
2022,7,WPP718,1316,42.038,3.762083,0
2022,8,Unknown,166,7.4,2.128228,0
2022,8,WPP571,2224,18.5945,2.975247,0
2022,8,WPP572,1849,5.8429,1.923205,0
2022,8,WPP573,4137,8.2455,2.224133,0
2022,8,WPP711,8136,24.6661,3.245173,0
2022,8,WPP712,25116,21.5339,3.115019,0
2022,8,WPP713,5118,11.9699,2.562634,0
2022,8,WPP714,997,10.8194,2.469743,0
2022,8,WPP715,582,7.8235,2.177424,0
2022,8,WPP716,1173,7.2078,2.10509,0
2022,8,WPP717,230,2.9872,1.3831,0
2022,8,WPP718,4218,41.2292,3.743111,0
2022,9,ARMM,2,7.2974,2.115946,0
2022,9,Unknown,163,5.708,1.903302,0
2022,9,WPP571,2771,11.5873,2.532691,0
2022,9,WPP572,1989,4.4496,1.695544,0
2022,9,WPP573,4986,7.7155,2.165105,0
2022,9,WPP711,11552,23.4335,3.195956,0
2022,9,WPP712,38228,19.2732,3.009298,0
2022,9,WPP713,7916,13.5426,2.677086,0
2022,9,WPP714,2542,11.455,2.522122,0
2022,9,WPP715,983,5.5647,1.881708,0
2022,9,WPP716,1433,8.4203,2.242864,0
2022,9,WPP717,195,2.3557,1.210654,0
2022,9,WPP718,8646,44.8347,3.82504,0
2022,10,Unknown,136,5.7414,1.908262,0
2022,10,WPP571,1477,8.273,2.227109,0
2022,10,WPP572,1078,4.9203,1.778384,0
2022,10,WPP573,3986,7.2486,2.110043,0
2022,10,WPP711,10679,20.9086,3.08688,0
2022,10,WPP712,29820,17.5842,2.92231,0
2022,10,WPP713,5853,15.172,2.783279,0
2022,10,WPP714,2199,11.4522,2.521901,0
2022,10,WPP715,644,4.2957,1.666891,0
2022,10,WPP716,1114,8.0142,2.198806,0
2022,10,WPP717,251,3.0718,1.404092,0
2022,10,WPP718,10201,43.9489,3.805525,0
2022,11,Unknown,96,5.4731,1.86766,0
2022,11,WPP571,1638,8.9076,2.293302,0
2022,11,WPP572,1928,5.2628,1.834622,0
2022,11,WPP573,2048,7.4604,2.135396,0
2022,11,WPP711,10910,24.318,3.231515,0
2022,11,WPP712,24456,17.0145,2.891177,0
2022,11,WPP713,3994,13.4123,2.668085,0
2022,11,WPP714,1248,10.5799,2.449268,0
2022,11,WPP715,515,4.6366,1.729288,0
2022,11,WPP716,1150,9.6307,2.363741,0
2022,11,WPP717,225,3.3952,1.480522,0
2022,11,WPP718,8103,37.9902,3.66331,0
2022,12,Unknown,87,8.3638,2.236853,0
2022,12,WPP571,1494,12.801,2.624742,0
2022,12,WPP572,1834,4.2032,1.649268,0
2022,12,WPP573,1089,5.9151,1.933714,0
2022,12,WPP711,4364,18.1805,2.953894,0
2022,12,WPP712,16932,19.4796,3.01943,0
2022,12,WPP713,3676,16.5419,2.864592,0
2022,12,WPP714,910,10.5639,2.447887,0
2022,12,WPP715,303,5.3274,1.844889,0
2022,12,WPP716,853,10.6454,2.454909,0
2022,12,WPP717,165,3.2422,1.44508,0
2022,12,WPP718,5637,34.6867,3.574778,0
2023,1,Unknown,71,6.6823,2.03892,0
2023,1,WPP571,1711,13.4262,2.669043,0
2023,1,WPP572,1490,5.5576,1.880617,0
2023,1,WPP573,720,4.9096,1.776578,0
2023,1,WPP711,3075,18.0722,2.94823,0
2023,1,WPP712,12007,17.7946,2.933572,0
2023,1,WPP713,4287,14.2145,2.722251,0
2023,1,WPP714,1033,8.2391,2.223448,0
2023,1,WPP715,256,4.3927,1.685045,0
2023,1,WPP716,768,8.0448,2.202195,0
2023,1,WPP717,120,3.0214,1.391621,0
2023,1,WPP718,3502,17.3545,2.909872,0
2023,2,Unknown,81,4.8547,1.767237,0
2023,2,WPP571,3295,17.0936,2.895558,0
2023,2,WPP572,2994,4.0642,1.622205,0
2023,2,WPP573,1905,7.8283,2.177968,0
2023,2,WPP711,3669,25.539,3.278616,0
2023,2,WPP712,9607,17.2876,2.906225,0
2023,2,WPP713,3792,12.7167,2.618612,0
2023,2,WPP714,672,6.9706,2.075764,0
2023,2,WPP715,318,3.3178,1.462746,0
2023,2,WPP716,808,8.9927,2.301857,0
2023,2,WPP717,76,3.7683,1.561984,0
2023,2,WPP718,2556,21.5071,3.113831,0
2023,3,Region XII,1,6.2276,1.977908,0
2023,3,Unknown,173,9.2945,2.331605,0
2023,3,WPP571,4451,15.1282,2.780571,0
2023,3,WPP572,3393,7.0489,2.085537,0
2023,3,WPP573,4288,10.0079,2.398613,0
2023,3,WPP711,11585,33.9241,3.553176,0
2023,3,WPP712,34726,22.1877,3.14362,0
2023,3,WPP713,5197,16.5428,2.864645,0
2023,3,WPP714,1263,11.7876,2.548476,0
2023,3,WPP715,509,5.0523,1.800446,0
2023,3,WPP716,1143,12.876,2.630162,0
2023,3,WPP717,171,3.9843,1.606289,0
2023,3,WPP718,4608,31.4804,3.480636,0
2023,4,Region XI,1,11.8294,2.551739,0
2023,4,Region XII,2,2.9054,1.362355,0
2023,4,Unknown,181,8.2894,2.228878,0
2023,4,WPP571,2798,15.4193,2.798458,0
2023,4,WPP572,3390,7.9893,2.196036,0
2023,4,WPP573,2641,10.0078,2.398604,0
2023,4,WPP711,17198,34.914,3.581126,0
2023,4,WPP712,29723,25.9284,3.293181,0
2023,4,WPP713,3974,11.9959,2.564635,0
2023,4,WPP714,823,9.6596,2.366458,0
2023,4,WPP715,680,4.3011,1.667923,0
2023,4,WPP716,1176,9.3104,2.333149,0
2023,4,WPP717,206,3.8987,1.58897,0
2023,4,WPP718,1108,21.0742,3.094409,0
2023,5,Region XII,2,6.0687,1.955677,0
2023,5,Unknown,237,6.4441,2.007421,0
2023,5,WPP571,3946,16.5163,2.863129,0
2023,5,WPP572,5931,5.9417,1.937545,0
2023,5,WPP573,8268,11.9638,2.562159,0
2023,5,WPP711,18567,35.4057,3.594724,0
2023,5,WPP712,40473,22.2854,3.147825,0
2023,5,WPP713,6932,13.5258,2.675924,0
2023,5,WPP714,1052,11.3789,2.515992,0
2023,5,WPP715,753,4.9024,1.775364,0
2023,5,WPP716,1496,11.4524,2.521912,0
2023,5,WPP717,256,4.0194,1.613318,0
2023,5,WPP718,705,21.7379,3.124033,0
2023,6,Unknown,203,6.901,2.066985,0
2023,6,WPP571,4008,14.7048,2.753964,0
2023,6,WPP572,4949,6.7502,2.047721,0
2023,6,WPP573,7427,11.661,2.538523,0
2023,6,WPP711,17799,32.9255,3.524166,0
2023,6,WPP712,42710,22.0273,3.136681,0
2023,6,WPP713,7656,19.0988,3.000661,0
2023,6,WPP714,1181,11.3732,2.515536,0
2023,6,WPP715,606,8.0774,2.205786,0
2023,6,WPP716,1433,11.5706,2.531359,0
2023,6,WPP717,234,3.9045,1.590154,0
2023,6,WPP718,2683,28.8035,3.394627,0
2023,7,Unknown,172,5.0124,1.793817,0
2023,7,WPP571,2424,13.0265,2.640945,0
2023,7,WPP572,3753,5.7288,1.906401,0
2023,7,WPP573,5447,10.7168,2.461024,0
2023,7,WPP711,11757,31.0234,3.466467,0
2023,7,WPP712,33299,19.8939,3.039458,0
2023,7,WPP713,6634,13.8756,2.699724,0
2023,7,WPP714,873,10.2615,2.42139,0
2023,7,WPP715,593,3.9838,1.606183,0
2023,7,WPP716,989,10.2434,2.419785,0
2023,7,WPP717,215,3.2106,1.437614,0
2023,7,WPP718,3326,28.6834,3.390587,0
2023,8,Unknown,281,6.6217,2.031005,0
2023,8,WPP571,2882,14.3267,2.729597,0
2023,8,WPP572,3392,5.2597,1.834138,0
2023,8,WPP573,7883,11.6146,2.534853,0
2023,8,WPP711,16290,28.8656,3.396707,0
2023,8,WPP712,53476,27.8524,3.362193,0
2023,8,WPP713,8557,14.7084,2.754194,0
2023,8,WPP714,1763,13.5314,2.676314,0
2023,8,WPP715,678,4.2015,1.648947,0
2023,8,WPP716,1452,10.5736,2.448724,0
2023,8,WPP717,274,4.1498,1.638964,0
2023,8,WPP718,9885,40.4224,3.723822,0
2023,9,Unknown,262,7.0447,2.085019,0
2023,9,WPP571,2434,13.5182,2.675402,0
2023,9,WPP572,2938,6.956,2.07393,0
2023,9,WPP573,7957,11.1187,2.494751,0
2023,9,WPP711,14628,29.9797,3.433331,0
2023,9,WPP712,64556,24.8579,3.252615,0
2023,9,WPP713,8847,17.1777,2.900196,0
2023,9,WPP714,1846,14.4564,2.738022,0
2023,9,WPP715,469,5.9153,1.933743,0
2023,9,WPP716,1643,12.1791,2.578635,0
2023,9,WPP717,192,3.7679,1.561906,0
2023,9,WPP718,12804,38.0402,3.664592,0
2023,10,ARMM,4,9.6155,2.362311,0
2023,10,Region XII,1,0.9421,0.663749,0
2023,10,Unknown,300,7.0777,2.089108,0
2023,10,WPP571,2498,12.764,2.622054,0
2023,10,WPP572,2622,6.0345,1.950832,0
2023,10,WPP573,6160,9.6785,2.36823,0
2023,10,WPP711,16490,24.4871,3.238172,0
2023,10,WPP712,54019,18.9766,2.994563,0
2023,10,WPP713,9937,15.4706,2.80158,0
2023,10,WPP714,2936,10.3242,2.426944,0
2023,10,WPP715,1436,7.0012,2.079587,0
2023,10,WPP716,3148,8.746,2.276852,0
2023,10,WPP717,623,4.0769,1.624694,0
2023,10,WPP718,13628,41.1877,3.742128,0
2023,11,ARMM,2,1.6396,0.970616,0
2023,11,Region XII,2,17.0609,2.893752,0
2023,11,Unknown,159,6.6319,2.032339,0
2023,11,WPP571,2162,15.4406,2.799754,0
2023,11,WPP572,1474,5.0904,1.806708,0
2023,11,WPP573,3630,7.8561,2.18111,0
2023,11,WPP711,11632,22.5371,3.158578,0
2023,11,WPP712,37227,18.9941,2.995435,0
2023,11,WPP713,7346,13.0415,2.642021,0
2023,11,WPP714,1636,10.1642,2.412716,0
2023,11,WPP715,1006,4.6232,1.726895,0
2023,11,WPP716,1682,10.0944,2.406444,0
2023,11,WPP717,467,3.7835,1.565175,0
2023,11,WPP718,13838,31.546,3.482653,0
2023,12,Unknown,147,6.5824,2.025829,0
2023,12,WPP571,2432,12.8656,2.629409,0
2023,12,WPP572,2747,6.3454,1.994081,0
2023,12,WPP573,3854,9.0113,2.303713,0
2023,12,WPP711,5985,20.7292,3.078658,0
2023,12,WPP712,29033,15.2019,2.785128,0
2023,12,WPP713,5842,14.4994,2.740799,0
2023,12,WPP714,1165,10.0746,2.404658,0
2023,12,WPP715,1029,4.1199,1.633137,0
2023,12,WPP716,1437,12.1423,2.575833,0
2023,12,WPP717,441,4.9087,1.776433,0
2023,12,WPP718,7681,31.1284,3.469741,0
2024,1,Unknown,126,6.8714,2.063235,0
2024,1,WPP571,2129,14.5277,2.742625,0
2024,1,WPP572,1988,5.691,1.900762,0
2024,1,WPP573,1003,4.6299,1.728083,0
2024,1,WPP711,2548,16.1518,2.842102,0
2024,1,WPP712,12385,15.3741,2.795703,0
2024,1,WPP713,3414,13.135,2.648654,0
2024,1,WPP714,851,6.817,2.056305,0
2024,1,WPP715,648,4.6103,1.7246,0
2024,1,WPP716,904,10.1732,2.413518,0
2024,1,WPP717,251,4.7084,1.741932,0
2024,1,WPP718,4499,20.9781,3.090047,0
2024,2,Unknown,164,8.8719,2.289696,0
2024,2,WPP571,3470,18.7674,2.984032,0
2024,2,WPP572,3702,5.445,1.863298,0
2024,2,WPP573,1689,4.6281,1.727763,0
2024,2,WPP711,3101,20.364,3.061707,0
2024,2,WPP712,16140,18.4194,2.966274,0
2024,2,WPP713,4578,14.0704,2.712735,0
2024,2,WPP714,885,8.5271,2.254141,0
2024,2,WPP715,670,6.0263,1.949657,0
2024,2,WPP716,974,9.7155,2.371691,0
2024,2,WPP717,452,4.7751,1.753555,0
2024,2,WPP718,4036,20.0915,3.04887,0
2024,3,Unknown,113,11.6384,2.536738,0
2024,3,WPP571,4302,17.114,2.896685,0
2024,3,WPP572,2859,8.3119,2.231298,0
2024,3,WPP573,2242,12.6452,2.61339,0
2024,3,WPP711,6989,33.0759,3.528591,0
2024,3,WPP712,18979,23.3527,3.192643,0
2024,3,WPP713,3911,14.5063,2.741245,0
2024,3,WPP714,993,12.3909,2.594572,0
2024,3,WPP715,411,6.7184,2.043607,0
2024,3,WPP716,955,11.7452,2.545156,0
2024,3,WPP717,386,6.9705,2.075743,0
2024,3,WPP718,1363,14.039,2.710646,0
2024,4,Unknown,155,6.2554,1.981747,0
2024,4,WPP571,3213,15.3361,2.793376,0
2024,4,WPP572,1839,6.454,2.008755,0
2024,4,WPP573,1789,6.6217,2.030999,0
2024,4,WPP711,12662,32.8119,3.520814,0
2024,4,WPP712,20260,21.7126,3.12292,0
2024,4,WPP713,4216,12.9856,2.638026,0
2024,4,WPP714,484,8.4754,2.248704,0
2024,4,WPP715,435,6.1951,1.973403,0
2024,4,WPP716,975,8.6533,2.267296,0
2024,4,WPP717,381,4.9085,1.776387,0
2024,4,WPP718,777,18.3893,2.964719,0
2024,5,Region XI,1,6.5537,2.022035,0
2024,5,Unknown,175,6.7594,2.048903,0
2024,5,WPP571,3168,12.3583,2.59214,0
2024,5,WPP572,2586,5.039,1.798243,0
2024,5,WPP573,6517,8.5289,2.254325,0
2024,5,WPP711,12588,28.3318,3.378674,0
2024,5,WPP712,32256,16.685,2.872718,0
2024,5,WPP713,5807,13.028,2.641058,0
2024,5,WPP714,745,10.6752,2.457464,0
2024,5,WPP715,563,4.1023,1.629699,0
2024,5,WPP716,1322,12.1702,2.57796,0
2024,5,WPP717,369,5.7183,1.904834,0
2024,5,WPP718,800,17.6027,2.923309,0
2024,6,Unknown,173,7.5879,2.150351,0
2024,6,WPP571,2435,13.783,2.693475,0
2024,6,WPP572,2556,5.291,1.839115,0
2024,6,WPP573,4122,7.6752,2.160471,0
2024,6,WPP711,9778,24.2328,3.228146,0
2024,6,WPP712,26323,16.7795,2.878045,0
2024,6,WPP713,5610,12.7259,2.619283,0
2024,6,WPP714,766,8.1404,2.212706,0
2024,6,WPP715,414,3.9537,1.60014,0
2024,6,WPP716,859,9.4818,2.349641,0
2024,6,WPP717,412,4.9237,1.778969,0
2024,6,WPP718,1482,26.8686,3.327499,0
2024,7,Unknown,87,5.6308,1.89172,0
2024,7,WPP571,1315,15.3036,2.791385,0
2024,7,WPP572,1574,5.3577,1.849669,0
2024,7,WPP573,3116,8.6232,2.264182,0
2024,7,WPP711,4176,27.1952,3.339151,0
2024,7,WPP712,15285,17.7518,2.931292,0
2024,7,WPP713,3150,11.5045,2.526086,0
2024,7,WPP714,381,8.2494,2.224556,0
2024,7,WPP715,271,3.2453,1.445823,0
2024,7,WPP716,683,10.4165,2.435059,0
2024,7,WPP717,242,3.332,1.466039,0
2024,7,WPP718,1548,29.629,3.421946,0
2024,8,ARMM,2,7.604,2.152225,0
2024,8,Unknown,247,6.5156,2.016974,0
2024,8,WPP571,2330,13.4159,2.668332,0
2024,8,WPP572,3699,5.2342,1.830043,0
2024,8,WPP573,7318,6.8161,2.05619,0
2024,8,WPP711,7449,20.7686,3.080467,0
2024,8,WPP712,44398,17.9578,2.942214,0
2024,8,WPP713,7261,10.8296,2.470603,0
2024,8,WPP714,1237,11.3449,2.513246,0
2024,8,WPP715,626,4.3123,1.670028,0
2024,8,WPP716,1191,11.1386,2.496387,0
2024,8,WPP717,772,4.1191,1.632987,0
2024,8,WPP718,8511,30.618,3.453727,0
2024,9,Unknown,219,7.1237,2.094785,0
2024,9,WPP571,1131,8.233,2.222784,0
2024,9,WPP572,2266,6.012,1.94762,0
2024,9,WPP573,5569,7.2541,2.110707,0
2024,9,WPP711,9471,18.0314,2.94609,0
2024,9,WPP712,37920,16.7323,2.87539,0
2024,9,WPP713,6195,12.0647,2.569912,0
2024,9,WPP714,1117,11.2423,2.504893,0
2024,9,WPP715,639,4.4888,1.70271,0
2024,9,WPP716,1205,9.7912,2.378733,0
2024,9,WPP717,439,4.7444,1.748224,0
2024,9,WPP718,6773,31.565,3.483239,0
2024,10,Unknown,233,4.9431,1.782225,0
2024,10,WPP571,1859,11.7069,2.542147,0
2024,10,WPP572,4325,4.5808,1.719334,0
2024,10,WPP573,7561,7.6185,2.153916,0
2024,10,WPP711,12015,19.5046,3.020648,0
2024,10,WPP712,46263,14.6366,2.749612,0
2024,10,WPP713,8887,11.5114,2.526642,0
2024,10,WPP714,2757,8.4465,2.245643,0
2024,10,WPP715,1371,4.2585,1.659845,0
2024,10,WPP716,1801,10.3341,2.42782,0
2024,10,WPP717,914,4.5331,1.710751,0
2024,10,WPP718,11974,31.0822,3.468301,0
2024,11,Unknown,94,6.0799,1.957257,0
2024,11,WPP571,976,12.2857,2.586687,0
2024,11,WPP572,712,3.4653,1.496341,0
2024,11,WPP573,2398,6.41,2.002835,0
2024,11,WPP711,5801,22.4365,3.154294,0
2024,11,WPP712,19547,11.5057,2.526186,0
2024,11,WPP713,4429,13.0139,2.640048,0
2024,11,WPP714,1608,7.8842,2.184276,0
2024,11,WPP715,959,4.8953,1.774161,0
2024,11,WPP716,1055,9.6734,2.367759,0
2024,11,WPP717,731,4.5195,1.708295,0
2024,11,WPP718,10343,30.9756,3.464973,0
2024,12,Unknown,63,6.9663,2.075222,0
2024,12,WPP571,2204,11.5534,2.529988,0
2024,12,WPP572,1714,4.1372,1.636508,0
2024,12,WPP573,1307,5.9103,1.933019,0
2024,12,WPP711,3445,12.8644,2.629324,0
2024,12,WPP712,6438,9.9509,2.39342,0
2024,12,WPP713,2306,11.0235,2.486864,0
2024,12,WPP714,635,6.1334,1.964789,0
2024,12,WPP715,507,4.6198,1.726295,0
2024,12,WPP716,722,8.8572,2.288197,0
2024,12,WPP717,565,3.8597,1.58097,0
2024,12,WPP718,5979,19.347,3.012936,0
2025,1,Unknown,88,4.0318,1.615784,0
2025,1,WPP571,1931,11.1161,2.494534,0
2025,1,WPP572,2502,4.8981,1.774636,0
2025,1,WPP573,1669,5.1991,1.824412,0
2025,1,WPP711,1976,9.5031,2.351672,0
2025,1,WPP712,9023,10.4989,2.442252,0
2025,1,WPP713,3524,11.1233,2.49513,0
2025,1,WPP714,1016,5.9361,1.936739,0
2025,1,WPP715,645,5.4365,1.861979,0
2025,1,WPP716,916,8.429,2.243795,0
2025,1,WPP717,587,4.1861,1.645982,0
2025,1,WPP718,5243,23.3573,3.192831,0
2025,2,Region XI,1,1.4363,0.89048,0
2025,2,Unknown,65,5.7026,1.9025,0
2025,2,WPP571,2711,11.0683,2.490581,0
2025,2,WPP572,1791,6.2109,1.975591,0
2025,2,WPP573,2481,6.9243,2.069931,0
2025,2,WPP711,2528,16.1583,2.842479,0
2025,2,WPP712,10821,13.206,2.653664,0
2025,2,WPP713,3189,11.6813,2.540131,0
2025,2,WPP714,715,4.9757,1.7877,0
2025,2,WPP715,414,4.7424,1.747878,0
2025,2,WPP716,534,8.1695,2.215884,0
2025,2,WPP717,333,4.0594,1.621244,0
2025,2,WPP718,2557,16.6282,2.869498,0
2025,3,Unknown,125,6.6981,2.040973,0
2025,3,WPP571,1897,12.2911,2.587095,0
2025,3,WPP572,1900,5.5786,1.883825,0
2025,3,WPP573,2173,5.8546,1.924925,0
2025,3,WPP711,5566,20.756,3.07989,0
2025,3,WPP712,13705,13.3278,2.662204,0
2025,3,WPP713,2957,12.9354,2.634431,0
2025,3,WPP714,1384,5.8917,1.930322,0
2025,3,WPP715,826,4.8248,1.762129,0
2025,3,WPP716,492,7.239,2.108876,0
2025,3,WPP717,399,3.3798,1.477013,0
2025,3,WPP718,2143,15.2317,2.786964,0
2025,4,ARMM,1,1.5242,0.925916,0
2025,4,Region XI,1,1.5362,0.930671,0
2025,4,Unknown,175,8.5845,2.260146,0
2025,4,WPP571,2491,12.0917,2.571982,0
2025,4,WPP572,3162,6.3166,1.990145,0
2025,4,WPP573,5879,8.2581,2.225499,0
2025,4,WPP711,10605,23.8618,3.213332,0
2025,4,WPP712,26275,14.3824,2.733222,0
2025,4,WPP713,3906,9.1254,2.315048,0
2025,4,WPP714,1358,6.3374,1.992985,0
2025,4,WPP715,679,4.7234,1.744565,0
2025,4,WPP716,923,10.4163,2.435038,0
2025,4,WPP717,444,5.5939,1.886152,0
2025,4,WPP718,1437,16.785,2.878357,0
2025,5,ARMM,2,16.6838,2.872649,0
2025,5,Region XII,1,63.5056,4.166752,0
2025,5,Unknown,171,6.5884,2.026619,0
2025,5,WPP571,2540,11.4558,2.522187,0
2025,5,WPP572,4606,6.53,2.018891,0
2025,5,WPP573,5621,7.1823,2.101969,0
2025,5,WPP711,12563,24.5648,3.241217,0
2025,5,WPP712,32241,13.6133,2.681934,0
2025,5,WPP713,6421,11.5969,2.533453,0
2025,5,WPP714,1453,6.9072,2.067776,0
2025,5,WPP715,1292,4.488,1.70257,0
2025,5,WPP716,1256,9.6411,2.364728,0
2025,5,WPP717,717,3.8225,1.573294,0
2025,5,WPP718,1313,17.4673,2.916001,0
2025,6,Region XI,1,1.7221,1.001411,0
2025,6,Unknown,177,7.8653,2.182147,0
2025,6,WPP571,2587,13.1557,2.650117,0
2025,6,WPP572,4760,6.1134,1.961986,0
2025,6,WPP573,6807,8.0226,2.199732,0
2025,6,WPP711,8736,31.3061,3.475256,0
2025,6,WPP712,23000,12.6139,2.611094,0
2025,6,WPP713,4405,12.7768,2.622987,0
2025,6,WPP714,463,10.2201,2.417709,0
2025,6,WPP715,1014,6.2336,1.97874,0
2025,6,WPP716,909,10.1578,2.412138,0
2025,6,WPP717,615,3.9323,1.595808,0
2025,6,WPP718,857,17.432,2.914086,0
2025,7,Unknown,245,6.0019,1.946175,0
2025,7,WPP571,3103,12.6044,2.610392,0
2025,7,WPP572,5797,5.5642,1.881624,0
2025,7,WPP573,8684,9.2822,2.330414,0
2025,7,WPP711,12837,19.7836,3.034162,0
2025,7,WPP712,39844,12.6344,2.612598,0
2025,7,WPP713,8284,12.5673,2.60766,0
2025,7,WPP714,1312,8.6309,2.264973,0
2025,7,WPP715,1067,3.6901,1.545464,0
2025,7,WPP716,1595,10.1349,2.410084,0
2025,7,WPP717,541,3.8289,1.574619,0
2025,7,WPP718,2962,24.7634,3.248956,0
2025,8,Unknown,205,5.85,1.924243,0
2025,8,WPP571,2666,10.4939,2.441818,0
2025,8,WPP572,3801,7.0005,2.079506,0
2025,8,WPP573,9557,8.749,2.277167,0
2025,8,WPP711,8957,17.6513,2.925917,0
2025,8,WPP712,41725,13.561,2.678343,0
2025,8,WPP713,6624,9.8262,2.381972,0
2025,8,WPP714,1406,10.0379,2.401332,0
2025,8,WPP715,870,5.1585,1.81783,0
2025,8,WPP716,1204,8.3822,2.238817,0
2025,8,WPP717,656,4.3465,1.676447,0
2025,8,WPP718,3700,32.0409,3.497747,0
2025,9,Unknown,266,9.0318,2.305762,0
2025,9,WPP571,1897,11.9067,2.557745,0
2025,9,WPP572,2712,4.801,1.758039,0
2025,9,WPP573,10057,7.9677,2.193629,0
2025,9,WPP711,9104,19.6571,3.028059,0
2025,9,WPP712,39206,12.5414,2.60575,0
2025,9,WPP713,7777,10.3258,2.427087,0
2025,9,WPP714,2427,12.9718,2.637038,0
2025,9,WPP715,1852,6.6282,2.031852,0
2025,9,WPP716,1798,10.5112,2.443321,0
2025,9,WPP717,1069,4.1176,1.632695,0
2025,9,WPP718,9992,38.1808,3.668186,0
2025,10,Unknown,203,5.2339,1.830001,0
2025,10,WPP571,1716,11.2486,2.505413,0
2025,10,WPP572,2747,5.5787,1.883833,0
2025,10,WPP573,8359,9.2699,2.329221,0
2025,10,WPP711,9470,20.7393,3.079122,0
2025,10,WPP712,37086,13.2649,2.657799,0
2025,10,WPP713,6047,10.0581,2.403159,0
2025,10,WPP714,2963,6.9855,2.077631,0
2025,10,WPP715,2037,7.3054,2.116911,0
2025,10,WPP716,1572,8.7866,2.281014,0
2025,10,WPP717,960,4.0195,1.613324,0
2025,10,WPP718,12501,32.9549,3.525033,0
2025,11,Region XII,1,1.7084,0.99634,0
2025,11,Unknown,75,11.4744,2.523675,0
2025,11,WPP571,301,15.4206,2.798538,0
2025,11,WPP572,1338,6.8756,2.063773,0
2025,11,WPP573,2887,8.9189,2.294446,0
2025,11,WPP711,3649,17.1856,2.900627,0
2025,11,WPP712,12827,13.6113,2.681794,0
2025,11,WPP713,2010,12.2932,2.58725,0
2025,11,WPP714,1051,6.5755,2.024914,0
2025,11,WPP715,861,7.6352,2.155844,0
2025,11,WPP716,595,7.5051,2.140662,0
2025,11,WPP717,484,4.0903,1.627345,0
2025,11,WPP718,5513,26.338,3.308279,0
2025,12,ARMM,1,3.3992,1.481411,0
2025,12,Unknown,128,4.4296,1.691867,0
2025,12,WPP571,2144,12.2043,2.580545,0
2025,12,WPP572,2206,4.4401,1.693795,0
2025,12,WPP573,3582,7.7615,2.170367,0
2025,12,WPP711,4719,20.0648,3.047604,0
2025,12,WPP712,10284,9.6477,2.365345,0
2025,12,WPP713,3811,11.7782,2.547744,0
2025,12,WPP714,1940,4.8308,1.763162,0
2025,12,WPP715,1723,5.1653,1.81893,0
2025,12,WPP716,1346,8.3316,2.233409,0
2025,12,WPP717,765,3.8069,1.57005,0
2025,12,WPP718,7469,18.1208,2.950777,0
2026,1,Unknown,161,4.3867,1.683935,1
2026,1,WPP571,3332,12.4705,2.600505,1
2026,1,WPP572,5169,5.227,1.828897,1
2026,1,WPP573,1215,7.497,2.13971,1
2026,1,WPP711,3341,14.0158,2.709102,1
2026,1,WPP712,7184,8.051,2.202872,1
2026,1,WPP713,4830,11.8393,2.552508,1
2026,1,WPP714,2137,4.5076,1.706122,1
2026,1,WPP715,1880,4.7791,1.754244,1
2026,1,WPP716,1423,9.741,2.374068,1
2026,1,WPP717,771,4.2654,1.661149,1
2026,1,WPP718,2519,10.1943,2.415409,1
2026,2,Unknown,90,14.7761,2.758497,1
2026,2,WPP571,3329,12.7305,2.619617,1
2026,2,WPP572,3346,6.2898,1.986477,1
2026,2,WPP573,1564,7.0618,2.087134,1
2026,2,WPP711,2855,17.1653,2.899512,1
2026,2,WPP712,9657,9.0185,2.304435,1
2026,2,WPP713,2611,9.6783,2.368211,1
2026,2,WPP714,1242,4.3294,1.67323,1
2026,2,WPP715,1032,10.7022,2.459773,1
2026,2,WPP716,836,10.6857,2.458368,1
2026,2,WPP717,626,4.3262,1.67264,1
2026,2,WPP718,4823,15.3192,2.792345,1
2026,3,Unknown,133,12.5489,2.606303,1
2026,3,WPP571,1497,11.9064,2.557725,1
2026,3,WPP572,1901,7.8391,2.179185,1
2026,3,WPP573,1546,9.5436,2.355519,1
2026,3,WPP711,7049,26.8266,3.325994,1
2026,3,WPP712,13671,10.5665,2.448114,1
2026,3,WPP713,2362,9.1451,2.316993,1
2026,3,WPP714,431,8.0939,2.207604,1
2026,3,WPP715,1043,8.5206,2.253463,1
2026,3,WPP716,594,11.3914,2.517003,1
2026,3,WPP717,664,6.5179,2.017291,1
2026,3,WPP718,1769,18.3836,2.964428,1
2026,4,Unknown,324,7.5726,2.148575,1
2026,4,WPP571,3901,13.4357,2.669701,1
2026,4,WPP572,4645,7.3575,2.123155,1
2026,4,WPP573,7213,9.905,2.389224,1
2026,4,WPP711,16055,21.2815,3.103756,1
2026,4,WPP712,34831,12.1686,2.577838,1
2026,4,WPP713,6116,12.0934,2.572112,1
2026,4,WPP714,3415,5.6499,1.894597,1
2026,4,WPP715,2319,5.6079,1.888269,1
2026,4,WPP716,1644,9.3875,2.340604,1
2026,4,WPP717,1262,5.8714,1.927362,1
2026,4,WPP718,2157,17.7981,2.933754,1
2026,5,Unknown,220,6.7166,2.043371,1
2026,5,WPP571,2237,10.6605,2.45621,1
2026,5,WPP572,3281,7.584,2.1499,1
2026,5,WPP573,13131,10.6299,2.453579,1
2026,5,WPP711,12897,19.1314,3.002278,1
2026,5,WPP712,39761,13.2423,2.656218,1
2026,5,WPP713,7569,16.3413,2.853091,1
2026,5,WPP714,1078,6.4818,2.012475,1
2026,5,WPP715,1418,6.2496,1.980949,1
2026,5,WPP716,1536,12.2276,2.582309,1
2026,5,WPP717,1113,5.2376,1.830591,1
2026,5,WPP718,1129,17.2024,2.901556,1
